Company_ID,Ticker,Company_Name,Sector,Fiscal_Year,Reporting_Date,Currency,Revenue,Operating_Profit,Net_Income,EPS,Operating_Margin,Operating_Margin_Pct,Net_Profit_Margin,Net_Profit_Margin_Pct,Operating_Loss_Flag,Net_Loss_Flag,EPS_Outlier_Flag,Anomaly_Net_Income_Exceeds_Revenue,Missing_Data_Flag
CMP-1868,ALG,Aura Lifestyle Goods,Consumer Cyclical,2021,2021-06-30,USD,15560720711.6,2170339604.91,17894828818.34,68.49,0.1395,13.95,1.15,115.0,False,False,False,True,False
CMP-1786,ALG,Aura Lifestyle Goods,Consumer Cyclical,2021,2021-06-30,USD,12107487153.59,-139911495.75,-782800000.0,-3.34,-0.0116,-1.16,-0.0647,-6.47,True,True,False,False,False
CMP-1823,ALG,Aura Lifestyle Goods,Consumer Cyclical,2021,2021-06-30,EUR,8185428439.01,541430000.0,-20530000.0,-0.12,0.0661,6.61,-0.0025,-0.25,False,True,False,False,False
CMP-1793,ALG,Aura Lifestyle Goods,Consumer Cyclical,2022,2022-09-30,USD,5310000000.0,631890000.0,258821047.1,1.4473,0.119,11.9,0.0487,4.87,False,False,False,False,False
CMP-1559,ALG,Aura Lifestyle Goods,Consumer Cyclical,2022,2022-03-31,USD,17212041884.82,2630000000.0,1700417799.29,4.18,0.1528,15.28,0.0989,9.89,False,False,False,False,False
CMP-1291,ALG,Aura Lifestyle Goods,Consumer Cyclical,2022,2022-03-31,USD,6971698598.9,763400996.58,384934943.11,1.8971,0.1095,10.95,0.0552,5.52,False,False,False,False,False
CMP-1074,ALG,Aura Lifestyle Goods,Consumer Cyclical,2022,2022-09-30,USD,24199530996.74,815302897.98,121630214.54,0.11,0.033691,3.37,0.005,0.5,False,False,False,False,False
CMP-1339,ALG,Aura Lifestyle Goods,Consumer Cyclical,2023,2023-12-31,USD,37240584879.17,3130000000.0,1983662749.06,,0.084,8.4,0.0533,5.33,False,False,False,False,True
CMP-1273,ALG,Aura Lifestyle Goods,Consumer Cyclical,2023,2023-06-30,CAD,29745197346.4,2540161590.43,785273209.94,0.52,0.0854,8.54,0.0264,2.64,False,False,False,False,False
CMP-1144,ALG,Aura Lifestyle Goods,Consumer Cyclical,2023,2023-12-31,USD,34042186957.01,1443679754.95,-509441255.23,-0.25,0.042,4.2,-0.015,-1.5,False,True,False,False,False
CMP-1818,ALG,Aura Lifestyle Goods,Consumer Cyclical,2023,2023-12-31,USD,49365386031.92,4804201645.99,2669125208.29,2.9,0.097,9.7,0.054,5.4,False,False,False,False,False
CMP-1316,ALG,Aura Lifestyle Goods,Consumer Cyclical,2024,2024-06-30,USD,15297846068.2,1960000000.0,1491490809.93,4.2,0.128,12.8,0.097,9.7,False,False,False,False,False
CMP-1828,ALG,Aura Lifestyle Goods,Consumer Cyclical,2024,2024-03-31,USD,47569774810.01,-1664942118.35,-3960487926.18,,-0.035,-3.5,-0.0833,-8.33,True,True,False,False,True
CMP-1623,ALG,Aura Lifestyle Goods,Consumer Cyclical,2024,2024-09-30,EUR,15878786845.96,544889262.71,-64690000.0,-0.07,0.0343,3.43,-0.0041,-0.41,False,True,False,False,False
CMP-1027,LMI,Luxe Motors International,Consumer Cyclical,2021,2021-12-31,USD,10342087374.98,1546142062.56,877714808.34,3.33,0.1495,14.95,0.0849,8.49,False,False,False,False,False
CMP-1820,LMI,Luxe Motors International,Consumer Cyclical,2021,2021-12-31,USD,53650000000.0,5395964365.87,1810000000.0,0.63,0.1006,10.06,0.0337,3.37,False,False,False,False,False
CMP-1939,LMI,Luxe Motors International,Consumer Cyclical,2021,2021-12-31,USD,,,,-1.98,0.0284,2.84,-0.0359,-3.59,False,False,False,False,True
CMP-1741,LMI,Luxe Motors International,Consumer Cyclical,2022,2022-12-31,USD,19523024814.63,-382364983.72,-1581621054.92,-4.09,-0.0196,-1.96,-0.081,-8.1,True,True,False,False,False
CMP-1519,LMI,Luxe Motors International,Consumer Cyclical,2022,2022-09-30,USD,16565559221.73,1030774584.88,83892853.11,0.1,0.0622,6.22,0.0051,0.51,False,False,False,False,False
CMP-1533,,Luxe Motors International,Consumer Cyclical,2022,2022-03-31,USD,15509508531.83,-683523948.79,-1154231777.49,-2.85,-0.0441,-4.41,-0.0744,-7.44,True,True,False,False,False
CMP-1121,LMI,Luxe Motors International,Consumer Cyclical,2023,2023-03-31,USD,54984500263.41,4215711258.82,376040000.0,0.27,0.077,7.7,0.007,0.7,False,False,False,False,False
CMP-1038,LMI,Luxe Motors International,Consumer Cyclical,2023,2023-12-31,USD,20291293986.29,3333859601.95,2380000000.0,2.2404,0.1643,16.43,0.1175,11.75,False,False,False,False,False
CMP-1796,LMI,Luxe Motors International,Consumer Cyclical,2024,2024-06-30,USD,1330000000.0,203520000.0,139210000.0,3.0406,0.1529,15.29,0.1046,10.46,False,False,False,False,False
CMP-1641,LMI,Luxe Motors International,Consumer Cyclical,2024,2024-06-30,USD,37109753224.93,2144943736.4,921421045.0,0.76,0.0578,5.78,0.0248,2.48,False,False,False,False,False
CMP-1066,LMI,Luxe Motors International,Consumer Cyclical,2024,2024-06-30,USD,38640000000.0,3629565805.5,2203833642.36,1.82,0.0939,9.39,0.057,5.7,False,False,False,False,False
CMP-1002,LMI,Luxe Motors International,Consumer Cyclical,2024,2024-09-30,USD,1230088736.84,55535199.94,19653234.11,0.46,0.0451,4.51,0.016,1.6,False,False,False,False,False
CMP-1503,LMI,Luxe Motors International,Consumer Cyclical,2024,2024-03-31,USD,41210565899.29,2281313096.26,115389584.52,0.12,0.0554,5.54,0.0028,0.28,False,False,False,False,False
CMP-1909,LMI,Luxe Motors International,Consumer Cyclical,2024,2024-03-31,USD,12202485633.07,-177925694.19,-962656423.98,-4.5,-0.0146,-1.46,-0.0789,-7.89,True,True,False,False,False
CMP-1154,,Metro Living Retail,Consumer Cyclical,2021,2021-06-30,USD,5687857746.86,298688782.16,139234987.54,0.57,0.053,5.3,0.024479,2.45,False,False,False,False,False
CMP-1766,MLR,Metro Living Retail,Consumer Cyclical,2021,2021-06-30,USD,3774345399.53,239670932.87,61826376.75,0.959,0.0635,6.35,0.0164,1.64,False,False,False,False,False
CMP-1554,MLR,Metro Living Retail,Consumer Cyclical,2021,2021-09-30,USD,50420000000.0,-1470265823.7,-3946549671.78,-2.4813,-0.0292,-2.92,-0.0783,-7.83,True,True,False,False,False
CMP-1093,MLR,Metro Living Retail,Consumer Cyclical,2021,2021-12-31,USD,45472514889.32,4351600689.63,2714477379.44,3.3,0.0957,9.57,0.0597,5.97,False,False,False,False,False
CMP-1026,MLR,Metro Living Retail,Consumer Cyclical,2022,2022-12-31,USD,51134316237.97,5629888217.8,2380000000.0,2.38,0.1101,11.01,0.0465,4.65,False,False,False,False,False
CMP-1804,MLR,Metro Living Retail,Consumer Cyclical,2022,2022-03-31,USD,53963373141.95,7938414685.3,4929686380.6,3.81,0.1471,14.71,0.091,9.1,False,False,False,False,False
CMP-1651,MLR,Metro Living Retail,Consumer Cyclical,2022,2022-09-30,USD,32686495352.3,3270000000.0,2492559487.91,3.3,0.0999,9.99,0.0763,7.63,False,False,False,False,False
CMP-1399,MLR,Metro Living Retail,Consumer Cyclical,2022,2022-09-30,USD,3468094528.38,10577975.24,-194171664.56,-2.0,0.003,0.3,-0.056,-5.6,False,True,False,False,False
CMP-1473,MLR,Metro Living Retail,Consumer Cyclical,2022,2022-06-30,USD,53463092596.77,6100000000.0,3400090557.43,1.95,0.114,11.4,0.0636,6.36,False,False,False,False,False
CMP-1377,MLR,Metro Living Retail,Consumer Cyclical,2023,2023-09-30,USD,17905923046.03,1549087251.93,892833459.54,2.25,0.0865,8.65,0.05,5.0,False,False,False,False,False
CMP-1032,MLR,Metro Living Retail,Consumer Cyclical,2023,2023-09-30,USD,28581605133.71,669283771.6,-1291102919.29,-2.63,0.0234,2.34,-0.0452,-4.52,False,True,False,False,False
CMP-1842,,Metro Living Retail,Consumer Cyclical,2023,2023-12-31,USD,10271342510.54,261919234.02,-37602427.0,-0.19,0.0255,2.55,-0.0037,-0.37,False,True,False,False,False
CMP-1546,MLR,Metro Living Retail,Consumer Cyclical,2023,2023-09-30,USD,37358980621.32,5625160627.54,4859056479.73,5.67,0.1506,15.06,0.1301,13.01,False,False,False,False,False
CMP-1308,MLR,Metro Living Retail,Consumer Cyclical,2023,2023-03-31,USD,13670000000.0,247427000.0,-565490906.43,-1.85,0.0181,1.81,-0.0414,-4.14,False,True,False,False,False
CMP-1014,MLR,Metro Living Retail,Consumer Cyclical,2023,2023-03-31,USD,21438383203.95,2710283817.58,1908016105.15,2.45,0.126,12.6,0.089,8.9,False,False,False,False,False
CMP-1653,MLR,Metro Living Retail,Consumer Cyclical,2023,2023-03-31,USD,52811444681.86,2383445840.67,-49734896.18,-0.06,0.0451,4.51,-0.001,-0.1,False,True,False,False,False
CMP-1721,MLR,Metro Living Retail,Consumer Cyclical,2024,2024-06-30,USD,23927751401.71,1711894826.23,,1.33,0.0715,7.15,,,False,False,False,False,True
CMP-1034,MLR,Metro Living Retail,Consumer Cyclical,2024,2024-06-30,USD,15737743141.32,1355662743.65,645360000.0,0.7,0.086141,8.61,0.041007,4.1,False,False,False,False,False
CMP-1875,MLR,Metro Living Retail,Consumer Cyclical,2024,2024-12-31,USD,44975690817.11,5800083569.48,3198131656.12,1.24,0.129,12.9,0.0711,7.11,False,False,False,False,False
CMP-1145,MLR,Metro Living Retail,Consumer Cyclical,2024,2024-03-31,USD,13960000000.0,-719265696.01,-1496316251.58,-5.93,-0.052,-5.2,-0.1072,-10.72,True,True,False,False,False
CMP-1560,NAI,Nextgen Apparel,Consumer Cyclical,2024,2024-12-31,USD,20116195678.04,3892147339.32,3348453875.81,6.1,0.1935,19.35,0.1665,16.65,False,False,False,False,False
CMP-1920,NAI,Nextgen Apparel Inc,Consumer Cyclical,2021,2021-09-30,USD,34290000000.0,1270000000.0,-350580591.51,-0.35,0.0371,3.71,-0.0102,-1.02,False,True,False,False,False
CMP-1363,NAI,Nextgen Apparel Inc,Consumer Cyclical,2021,2021-03-31,USD,48642934837.83,4297745550.09,2770000000.0,1.4,0.0884,8.84,0.0569,5.69,False,False,False,False,False
CMP-1166,NAI,Nextgen Apparel Inc,Consumer Cyclical,2021,2021-09-30,USD,19252867833.21,1736608678.56,1176775785.29,,0.0902,9.02,0.0611,6.11,False,False,False,False,True
CMP-1723,NAI,Nextgen Apparel Inc,Consumer Cyclical,2021,2021-06-30,USD,13387012190.95,1001276957.86,255585088.4,0.36,0.0748,7.48,0.0191,1.91,False,False,False,False,False
CMP-1652,NAI,Nextgen Apparel Inc,Consumer Cyclical,2021,2021-12-31,USD,53966663238.25,6094050317.92,2564903630.24,2.73,0.1129,11.29,0.0475,4.75,False,False,False,False,False
CMP-1143,NAI,Nextgen Apparel Inc,Consumer Cyclical,2021,2021-12-31,USD,11587366538.55,495939287.85,49324429.63,,0.0428,4.28,0.43,43.0,False,False,False,False,True
CMP-1846,NAI,Nextgen Apparel Inc,Consumer Cyclical,2021,2021-06-30,USD,43796358654.18,4870152653.74,3511361290.35,,0.1112,11.12,0.0802,8.02,False,False,False,False,True
CMP-1754,NAI,Nextgen Apparel Inc,Consumer Cyclical,2022,2022-03-31,USD,,,3473309973.36,4.37,0.145,14.5,0.1166,11.66,False,False,False,False,True
CMP-1463,NAI,Nextgen Apparel Inc,Consumer Cyclical,2022,2022-06-30,USD,4525023105.27,739524466.7,484326895.43,4.0,0.1634,16.34,0.107,10.7,False,False,False,False,False
CMP-1859,NAI,Nextgen Apparel Inc,Consumer Cyclical,2022,2022-06-30,USD,6226455697.65,386040253.25,71568022.4,0.318,0.062,6.2,0.011,1.1,False,False,False,False,False
CMP-1806,NAI,Nextgen Apparel Inc,Consumer Cyclical,2022,2022-12-31,USD,37296485602.21,4233057892.74,3175036723.53,3.1937,0.1135,11.35,0.085,8.5,False,False,False,False,False
CMP-1289,NAI,Nextgen Apparel Inc,Consumer Cyclical,2022,2022-09-30,USD,34479495657.56,4253128706.25,3337275933.59,1.594,0.1234,12.34,0.0968,9.68,False,False,False,False,False
CMP-1256,NAI,Nextgen Apparel Inc,Consumer Cyclical,2023,2023-03-31,USD,3275562943.33,188659467.07,-1034684.46,-0.015,0.0576,5.76,-0.000316,-0.03,False,True,False,False,False
CMP-1944,NAI,Nextgen Apparel Inc,Consumer Cyclical,2023,2023-06-30,USD,8675462785.39,1009072764.53,584926330.75,3.64,0.1163,11.63,0.0674,6.74,False,False,False,False,False
CMP-1675,NAI,Nextgen Apparel Inc,Consumer Cyclical,2023,2023-12-31,USD,36040322708.94,4950000000.0,3960251414.01,,0.137346,13.73,0.1099,10.99,False,False,False,False,True
CMP-1755,NAI,Nextgen Apparel Inc,Consumer Cyclical,2024,2024-09-30,USD,22716499417.37,3260000000.0,1812476404.23,3.4639,0.1433,14.33,0.079787,7.98,False,False,False,False,False
CMP-1242,NAI,Nextgen Apparel Inc,Consumer Cyclical,2024,2024-03-31,USD,17599512410.97,2324295471.64,1430360632.23,2.071,0.1321,13.21,0.0813,8.13,False,False,False,False,False
CMP-1469,,Nextgen Apparel Inc,Consumer Cyclical,2024,2024-12-31,USD,7744570874.36,613050000.0,251991248.56,1.09,0.0792,7.92,0.0325,3.25,False,False,False,False,False
CMP-1071,NAI,Nextgen Apparel Inc,Consumer Cyclical,2024,2024-09-30,USD,4785575828.16,419757499.77,311679643.43,2.53,0.0877,8.77,0.0651,6.51,False,False,False,False,False
CMP-1106,PC,Primeconsumer,Consumer Cyclical,2021,2021-06-30,USD,3191049834.93,498660000.0,341760975.59,6.24,0.1563,15.63,0.1071,10.71,False,False,False,False,False
CMP-1081,PC,Primeconsumer,Consumer Cyclical,2022,2022-06-30,USD,34459709372.71,5492733922.89,3936643273.16,6.12,0.1594,15.94,0.1142,11.42,False,False,False,False,False
CMP-1476,PC,Primeconsumer,Consumer Cyclical,2023,2023-12-31,USD,47320000000.0,2946603245.74,326508000.0,0.27,0.0623,6.23,0.0069,0.69,False,False,False,False,False
CMP-1847,PC,Primeconsumer Corp,Consumer Cyclical,2021,2021-12-31,USD,48086540354.45,1025674748.61,-536341867.04,-0.2994,0.0213,2.13,-0.011,-1.1,False,True,False,False,False
CMP-1833,PC,Primeconsumer Corp,Consumer Cyclical,2021,2021-03-31,USD,36730000000.0,-2180000000.0,-4340373521.2,-6.36,-0.059,-5.9,-0.1182,-11.82,True,True,False,False,False
CMP-1367,PC,Primeconsumer Corp,Consumer Cyclical,2022,2022-12-31,USD,24902045562.67,754740189.64,,,0.0303,3.03,,,False,False,False,False,True
CMP-1644,PC,Primeconsumer Corp,Consumer Cyclical,2022,2022-06-30,USD,34737606283.58,509086325.53,-1849482717.29,-2.0676,0.014655,1.47,-0.0532,-5.32,False,True,False,False,False
CMP-1612,PC,Primeconsumer Corp,Consumer Cyclical,2022,2022-09-30,USD,27210390821.09,4740000000.0,3236236857.75,1.81,0.1741,17.41,0.118934,11.89,False,False,False,False,False
CMP-1757,PC,Primeconsumer Corp,Consumer Cyclical,2022,2022-12-31,USD,7940000000.0,198446703.1,-235217045.43,-0.72,0.025,2.5,-0.0296,-2.96,False,True,False,False,False
CMP-1017,PC,Primeconsumer Corp,Consumer Cyclical,2022,2022-12-31,USD,4165051380.2,555055187.23,397102750.75,1.93,0.1333,13.33,0.0953,9.53,False,False,False,False,False
CMP-1395,PC,Primeconsumer Corp,Consumer Cyclical,2023,2023-12-31,USD,27690877597.84,1720000000.0,610817327.99,0.5,0.062114,6.21,0.022,2.2,False,False,False,False,False
CMP-1805,PC,Primeconsumer Corp,Consumer Cyclical,2023,2023-12-31,EUR,3030000000.0,342130602.17,212680000.0,3.2,0.113,11.3,0.0702,7.02,False,False,False,False,False
CMP-1490,PC,Primeconsumer Corp,Consumer Cyclical,2023,2023-12-31,USD,43650048139.06,5675747680.71,2825086883.35,,0.13,13.0,0.0647,6.47,False,False,True,False,True
CMP-1607,PC,Primeconsumer Corp,Consumer Cyclical,2023,2023-09-30,USD,3541660227.04,286600845.76,67135053.45,0.29,0.0809,8.09,0.018956,1.9,False,False,False,False,False
CMP-1589,PC,Primeconsumer Corp,Consumer Cyclical,2024,2024-03-31,USD,45894538375.34,6030405864.9,3414553655.13,1.59,0.1314,13.14,0.0744,7.44,False,False,False,False,False
CMP-1724,PC,Primeconsumer Corporation,Consumer Cyclical,2023,2023-03-31,USD,11039941472.03,1121116908.21,892730573.18,2.12,0.1016,10.16,0.0809,8.09,False,False,False,False,False
CMP-1613,SLB,Summit Leisure Brands,Consumer Cyclical,2021,2021-06-30,USD,,2911515.39,-512747391.68,-2.49,0.0003,0.03,-0.0553,-5.53,False,True,False,False,True
CMP-1447,SLB,Summit Leisure Brands,Consumer Cyclical,2021,2021-12-31,USD,22752939062.59,2282648342.67,1036221696.51,0.69,0.1003,10.03,0.0455,4.55,False,False,False,False,False
CMP-1190,SLB,Summit Leisure Brands,Consumer Cyclical,2021,2021-12-31,USD,47857310277.21,11118280487.41,9210000000.0,3.36,0.2323,23.23,0.1924,19.24,False,False,False,False,False
CMP-1880,SLB,Summit Leisure Brands,Consumer Cyclical,2021,2021-12-31,USD,6680000000.0,626500000.0,396655329.86,2.21,0.0938,9.38,0.0594,5.94,False,False,False,False,False
CMP-1550,SLB,Summit Leisure Brands,Consumer Cyclical,2022,2022-09-30,USD,31788273781.73,-1194076074.59,-2990000000.0,-4.17,-0.038,-3.8,-0.094,-9.4,True,True,False,False,False
CMP-1781,SLB,Summit Leisure Brands,Consumer Cyclical,2022,2022-12-31,USD,23424311273.46,457160000.0,-1074596236.96,-1.73,0.0195,1.95,-0.0459,-4.59,False,True,False,False,False
CMP-1033,SLB,Summit Leisure Brands,Consumer Cyclical,2022,2022-09-30,USD,13922848040.81,2286654093.7,1662041363.58,3.41,0.1642,16.42,0.1194,11.94,False,False,False,False,False
CMP-1221,SLB,Summit Leisure Brands,Consumer Cyclical,2022,2022-12-31,USD,50300000000.0,8763964643.11,6704706998.67,4.3,0.1742,17.42,0.133,13.3,False,False,False,False,False
CMP-1168,SLB,Summit Leisure Brands,Consumer Cyclical,2022,2022-03-31,USD,7773503476.78,344591921.97,125512850.39,0.362,0.0443,4.43,0.0161,1.61,False,False,False,False,False
CMP-1387,SLB,Summit Leisure Brands,Consumer Cyclical,2023,2023-09-30,USD,51538984484.41,1371722126.65,-1090000000.0,-0.61,0.0266,2.66,-0.021,-2.1,False,True,False,False,False
CMP-1733,SLB,Summit Leisure Brands,Consumer Cyclical,2023,2023-12-31,USD,23575313220.31,824283152.75,-168880567.95,-0.32,0.035,3.5,-0.0072,-0.72,False,True,False,False,False
CMP-1933,SLB,Summit Leisure Brands,Consumer Cyclical,2023,2023-09-30,USD,11690814246.44,507365220.76,-166300000.0,-0.25,0.043,4.3,-0.014225,-1.42,False,True,False,False,False
CMP-1955,SLB,Summit Leisure Brands,Consumer Cyclical,2024,2024-12-31,USD,12909971963.45,439563819.62,-222051517.77,-0.84,0.034048,3.4,-0.0172,-1.72,False,True,False,False,False
CMP-1403,SLB,Summit Leisure Brands,Consumer Cyclical,2024,2024-12-31,USD,23491977775.58,3165452737.88,2542080919.1,,0.1347,13.47,0.108211,10.82,False,False,False,False,True
CMP-1478,SLB,Summit Leisure Brands,Consumer Cyclical,2024,2024-12-31,USD,9201022254.96,488548397.95,115094757.25,0.5541,0.053097,5.31,0.0125,1.25,False,False,False,False,False
CMP-1493,SLB,Summit Leisure Brands,Consumer Cyclical,2024,2024-12-31,USD,33879861576.33,4257149768.36,3440000000.0,5.552,0.1257,12.57,0.1015,10.15,False,False,False,False,False
CMP-1312,TB,Trendset Brands,Consumer Cyclical,2021,2021-06-30,USD,47770000000.0,6495167916.02,4523553009.5,2.89,0.136,13.6,0.0947,9.47,False,False,False,False,False
CMP-1162,TB,Trendset Brands,Consumer Cyclical,2021,2021-03-31,USD,15950000000.0,185792631.88,-516732325.33,-1.263,0.0117,1.17,-0.0324,-3.24,False,True,False,False,False
CMP-1413,TB,Trendset Brands,Consumer Cyclical,2021,2021-12-31,USD,46263849710.48,589894528.6,-424270000.0,-0.51,0.0128,1.28,-0.0092,-0.92,False,True,False,False,False
CMP-1191,TB,Trendset Brands,Consumer Cyclical,2021,2021-09-30,USD,18502328566.36,2061846949.31,949067463.15,0.78,0.111,11.1,0.0,0.0,False,False,False,False,False
CMP-1336,TB,Trendset Brands,Consumer Cyclical,2021,2021-06-30,USD,47760000000.0,5389015926.9,2430984000.0,2.93,0.1128,11.28,0.0509,5.09,False,False,False,False,False
CMP-1109,TB,Trendset Brands,Consumer Cyclical,2021,2021-03-31,USD,30506600213.63,4240730378.04,2150000000.0,2.7,0.139,13.9,0.070477,7.05,False,False,False,False,False
CMP-1279,TB,Trendset Brands,Consumer Cyclical,2022,2022-12-31,USD,17866201031.31,865647397.32,71813503.08,0.2,0.0485,4.85,0.4,40.0,False,False,False,False,False
CMP-1310,TB,Trendset Brands,Consumer Cyclical,2022,2022-03-31,USD,12673376821.14,155882534.9,-526938665.17,-0.76,0.0123,1.23,-0.042,-4.2,False,True,False,False,False
CMP-1822,TB,Trendset Brands,Consumer Cyclical,2022,2022-06-30,USD,12692181159.37,-301996107.3,-619920000.0,-1.1,-0.0238,-2.38,-0.049,-4.9,True,True,False,False,False
CMP-1482,TB,Trendset Brands,Consumer Cyclical,2023,2023-09-30,USD,41645657662.31,-283190472.1,-2942648265.07,-3.86,-0.0068,-0.68,-0.0707,-7.07,True,True,False,False,False
CMP-1233,TB,Trendset Brands,Consumer Cyclical,2023,2023-06-30,USD,40299146263.88,2676882350.77,245824792.21,,0.066,6.6,0.0061,0.61,False,False,False,False,True
CMP-1280,TB,Trendset Brands,Consumer Cyclical,2023,2023-12-31,USD,37612916175.7,-829726379.01,-3457222714.58,-3.1415,-0.0221,-2.21,-0.0919,-9.19,True,True,False,False,False
CMP-1400,TB,Trendset Brands,Consumer Cyclical,2023,2023-09-30,USD,3293192373.25,152083109.16,66232063.86,,0.0462,4.62,0.0201,2.01,False,False,False,False,True
CMP-1040,TB,Trendset Brands,Consumer Cyclical,2024,2024-06-30,USD,2338555271.36,426543822.34,377833139.18,6.15,0.1824,18.24,0.1616,16.16,False,False,False,False,False
CMP-1047,TB,Trendset Brands,Consumer Cyclical,2024,2024-03-31,USD,49365576946.43,7473948349.69,,4.36,0.1514,15.14,0.0871,8.71,False,False,False,False,True
CMP-1094,TB,Trendset Brands,Consumer Cyclical,2024,2024-12-31,USD,21467172162.51,1370000000.0,-80835196.85,-0.2,0.0637,6.37,-0.0038,-0.38,False,True,False,False,False
CMP-1474,TB,Trendset Brands,Consumer Cyclical,2024,2024-06-30,USD,6363858590.35,346159370.57,139026381.58,1.16,0.054395,5.44,0.021846,2.18,False,False,False,False,False
CMP-1494,TB,Trendset Brands,Consumer Cyclical,2024,2024-03-31,EUR,44217834095.74,4920459648.13,3112478682.55,4.2,0.111,11.1,0.0704,7.04,False,False,False,False,False
CMP-1258,TB,Trendset Brands,Consumer Cyclical,2024,2024-06-30,USD,12387587053.76,2743139260.72,2140000000.0000002,3.3,0.2214,22.14,0.172754,17.28,False,False,False,False,False
CMP-1655,TB,Trendset Brands,Consumer Cyclical,2024,2024-03-31,USD,35270000000.0,190480000.0,-1690000000.0,,0.0054,0.54,-0.0479,-4.79,False,True,False,False,True
CMP-1067,TB,Trendset Brands,Consumer Cyclical,2024,2024-12-31,USD,5259608497.26,476367240.26,219098713.15,0.69,0.0906,9.06,0.0417,4.17,False,False,False,False,False
CMP-1713,UOG,Urban Outfitters,Consumer Cyclical,2024,2024-12-31,USD,34338317928.14,3129647705.26,1329453112.14,1.05,0.0911,9.11,0.0387,3.87,False,False,False,False,False
CMP-1420,UOG,Urban Outfitters Group,Consumer Cyclical,2021,2021-03-31,USD,9660000000.0,936430000.0,374116101.52,1.0,0.097,9.7,0.0387,3.87,False,False,False,False,False
CMP-1578,UOG,Urban Outfitters Group,Consumer Cyclical,2021,2021-12-31,USD,25500000000.0,2019458650.32,408379285.89,0.66,0.0792,7.92,0.016,1.6,False,False,False,False,False
CMP-1802,UOG,Urban Outfitters Group,Consumer Cyclical,2021,2021-03-31,USD,12670000000.0,1547929393.9,706234321.96,1.69,0.1222,12.22,0.0558,5.58,False,False,False,False,False
CMP-1779,UOG,Urban Outfitters Group,Consumer Cyclical,2021,2021-06-30,USD,8690571708.6,857198673.13,477450000.0,2.6,0.0986,9.86,0.0549,5.49,False,False,False,False,False
CMP-1250,UOG,Urban Outfitters Group,Consumer Cyclical,2022,2022-06-30,USD,,-1956858973.39,-4890000000.0,-2.23,,,-0.09,-9.0,True,True,False,False,True
CMP-1207,UOG,Urban Outfitters Group,Consumer Cyclical,2022,2022-03-31,USD,13176234679.47,951051280.39,619283029.94,1.22,0.0722,7.22,0.047,4.7,False,False,False,False,False
CMP-1082,UOG,Urban Outfitters Group,Consumer Cyclical,2023,2023-12-31,USD,36262280375.88,2460000000.0,673164610.32,1.064,0.0679,6.79,0.0186,1.86,False,False,False,False,False
CMP-1579,UOG,Urban Outfitters Group,Consumer Cyclical,2023,2023-09-30,USD,20705611944.79,2141609889.93,1431631480.99,1.67,0.1034,10.34,0.0691,6.91,False,False,False,False,False
CMP-1571,UOG,Urban Outfitters Group,Consumer Cyclical,2023,2023-03-31,USD,7741898903.88,848799439.69,522074370.85,2.91,0.1096,10.96,0.0674,6.74,False,False,False,False,False
CMP-1186,UOG,Urban Outfitters Group,Consumer Cyclical,2023,2023-06-30,USD,,,2507250607.58,2.68,0.093,9.3,0.0654,6.54,False,False,False,False,True
CMP-1206,UOG,Urban Outfitters Group,Consumer Cyclical,2023,2023-09-30,EUR,12786006332.69,1098634354.91,728770569.27,2.5292,0.0859,8.59,0.057,5.7,False,False,False,False,False
CMP-1056,UOG,Urban Outfitters Group,Consumer Cyclical,2024,2024-12-31,USD,10818840030.11,240384482.11,10854153.96,0.044,0.0222,2.22,0.001003,0.1,False,False,False,False,False
CMP-1300,UOG,Urban Outfitters Group,Consumer Cyclical,2024,2024-03-31,USD,1922850672.65,133175256.93,81958614.63,1.73,0.0693,6.93,0.0426,4.26,False,False,False,False,False
CMP-1104,UOG,Urban Outfitters Group,Consumer Cyclical,2024,2024-06-30,USD,42770000000.0,,-4599084732.01,-2.15,,,-0.107531,-10.75,False,True,False,False,True
CMP-1835,UOG,Urban Outfitters Group,Consumer Cyclical,2024,2024-09-30,USD,20493552718.08,1807722140.21,1200000000.0,2.164,0.0882,8.82,0.058555,5.86,False,False,False,False,False
CMP-1677,VM,Velocity Motors,Consumer Cyclical,2021,2021-06-30,USD,42128516603.32,-842430000.0,-1685022670.87,-1.35,-0.02,-2.0,-0.04,-4.0,True,True,False,False,False
CMP-1588,VM,Velocity Motors,Consumer Cyclical,2021,2021-12-31,USD,11667702516.31,558453575.51,316748205.12,1.3086,0.0479,4.79,0.027147,2.71,False,False,False,False,False
CMP-1777,VM,Velocity Motors,Consumer Cyclical,2021,2021-09-30,USD,41273781135.02,4610281352.78,1911737719.44,2.276,0.1117,11.17,0.0463,4.63,False,False,False,False,False
CMP-1592,VM,Velocity Motors,Consumer Cyclical,2021,2021-09-30,USD,4362948473.47,-80350000.0,-182010000.0,-1.28,-0.0184,-1.84,-0.042,-4.2,True,True,False,False,False
CMP-1341,VM,Velocity Motors,Consumer Cyclical,2022,2022-03-31,USD,2746840933.44,268634723.31,79490802.22,0.96,0.097798,9.78,0.0289,2.89,False,False,False,False,False
CMP-1621,VM,Velocity Motors,Consumer Cyclical,2022,2022-12-31,USD,,6318854092.84,4276493601.46,3.48,,,0.1192,11.92,False,False,False,False,True
CMP-1758,VM,Velocity Motors,Consumer Cyclical,2023,2023-09-30,USD,21613079588.02,1557757949.27,576734794.38,0.9,0.0721,7.21,0.0267,2.67,False,False,False,False,False
CMP-1215,VM,Velocity Motors,Consumer Cyclical,2023,2023-12-31,USD,1333565026.77,104208111.72,59621874.69,1.76,0.0781,7.81,0.0447,4.47,False,False,False,False,False
CMP-1055,VM,Velocity Motors,Consumer Cyclical,2024,2024-12-31,USD,27690000000.0,1817451132.89,464694399.88,0.62,0.0656,6.56,0.0168,1.68,False,False,False,False,False
CMP-1099,VM,Velocity Motors,Consumer Cyclical,2024,2024-12-31,USD,6526979201.88,1220000000.0,1040000000.0,7.837,0.1862,18.62,0.159,15.9,False,False,False,False,False
CMP-1609,VM,Velocity Motors,Consumer Cyclical,2024,2024-12-31,USD,14944591422.51,2204854274.7,1276263193.02,,0.1475,14.75,0.0854,8.54,False,False,False,False,True
CMP-1889,VM,Velocity Motors,Consumer Cyclical,2024,2024-09-30,USD,31281788922.65,6407947902.27,5320000000.0,9.73,0.2048,20.48,0.17,17.0,False,False,False,False,False
CMP-1358,VM,Velocity Motors,Consumer Cyclical,2024,2024-09-30,EUR,39416672014.85,1726473335.84,697922687.33,0.4,0.0438,4.38,0.0177,1.77,False,False,False,False,False
CMP-1811,VM,Velocity Motors,Consumer Cyclical,2024,2024-09-30,EUR,44174320321.87,7061354813.63,4055468688.49,3.591,0.1599,15.99,0.0918,9.18,False,False,False,False,False
CMP-1534,VRB,Velox Retail Brands,Consumer Cyclical,2021,2021-03-31,USD,402268373.91,58356580.22,38805358.86,3.67,0.145,14.5,0.0965,9.65,False,False,False,False,False
CMP-1043,VRB,Velox Retail Brands,Consumer Cyclical,2021,2021-12-31,USD,6329696316.11,445250000.0,26009206.22,0.22,0.0703,7.03,0.0041,0.41,False,False,False,False,False
CMP-1354,VRB,Velox Retail Brands,Consumer Cyclical,2022,2022-12-31,USD,35646361807.09,2311269417.09,-53930000.0,-0.03,0.0648,6.48,-0.002,-0.2,False,True,False,False,False
CMP-1301,VRB,Velox Retail Brands,Consumer Cyclical,2022,2022-03-31,USD,37951626805.64,1370000000.0,-908636334.46,-0.57,0.0361,3.61,-0.023942,-2.39,False,True,False,False,False
CMP-1738,VRB,Velox Retail Brands,Consumer Cyclical,2022,2022-12-31,USD,3970000000.0,446873067.36,4565508988.18,59.38,0.1126,11.26,0.0115,1.15,False,False,False,True,False
CMP-1780,VRB,Velox Retail Brands,Consumer Cyclical,2022,2022-06-30,USD,14968101104.5,631653866.61,151338157.44,0.25,0.0422,4.22,0.0101,1.01,False,False,False,False,False
CMP-1855,VRB,Velox Retail Brands,Consumer Cyclical,2022,2022-12-31,USD,11320286831.33,657708664.9,238479658.41,0.8,0.0581,5.81,0.0211,2.11,False,False,False,False,False
CMP-1646,VRB,Velox Retail Brands,Consumer Cyclical,2022,2022-12-31,USD,4285533066.75,559226497.52,375020000.0,3.46,0.1305,13.05,0.087508,8.75,False,False,False,False,False
CMP-1719,VRB,Velox Retail Brands,Consumer Cyclical,2023,2023-09-30,USD,46210000000.0,-804054000.0,-2164263189.2,-2.12,-0.0174,-1.74,-0.0468,-4.68,True,True,False,False,False
CMP-1886,VRB,Velox Retail Brands,Consumer Cyclical,2023,2023-09-30,USD,44073840452.14,3994549983.67,2090600407.74,0.0,0.090633,9.06,0.0474,4.74,False,False,False,False,False
CMP-1507,VRB,Velox Retail Brands,Consumer Cyclical,2023,2023-12-31,USD,35394216862.22,3944893610.6,2008563476.66,2.16,0.111456,11.15,0.0567,5.67,False,False,False,False,False
CMP-1224,VRB,Velox Retail Brands,Consumer Cyclical,2024,2024-12-31,USD,39575620194.62,4528955518.47,2795443619.03,3.17,0.1144,11.44,0.0706,7.06,False,False,False,False,False
CMP-1366,VRB,Velox Retail Brands,Consumer Cyclical,2024,2024-12-31,USD,45303287100.9,8562321262.07,7440887035.37,,0.189,18.9,0.1644,16.44,False,False,False,False,True
CMP-1257,VRB,Velox Retail Brands,Consumer Cyclical,2024,2024-12-31,USD,85364583.33,81950000.0,,,0.96,96.0,-0.0512,-5.12,False,False,False,False,True
CMP-1610,VRB,Velox Retail Brands,Consumer Cyclical,2024,2024-09-30,USD,43412392700.5,3056232446.12,213900199.77,0.16,0.0704,7.04,0.0049,0.49,False,False,False,False,False
CMP-1845,VRB,Velox Retail Brands,Consumer Cyclical,2024,2024-12-31,EUR,4877245284.82,98700875.45,-134622859.32,-1.46,0.0202,2.02,-0.0276,-2.76,False,True,False,False,False
CMP-1303,TB,,Consumer Cyclical,2021,2021-06-30,USD,51498052318.78,1652432478.98,488650000.0,0.37,0.0321,3.21,0.0095,0.95,False,False,False,False,False
CMP-1624,VM,,Consumer Cyclical,2021,2021-09-30,USD,6220000000.0,-153250000.0,-537613044.67,-1.353,-0.025,-2.5,-0.0864,-8.64,True,True,False,False,False
CMP-1513,VM,,Consumer Cyclical,2021,2021-12-31,EUR,,183408904.02,46210000.0,1.08,,,,,False,False,False,False,True
CMP-1864,TB,,Consumer Cyclical,2023,2023-03-31,USD,42660000000.0,1614131364.35,696700483.67,0.95,0.0378,3.78,0.0163,1.63,False,False,False,False,False
CMP-1798,PC,,Consumer Cyclical,2024,2024-09-30,USD,42063000915.36,6734042265.39,5810000000.0,7.28,0.1601,16.01,0.1381,13.81,False,False,False,False,False
CMP-1584,VM,,Consumer Cyclical,2024,2024-06-30,USD,46598590095.97,3349727555.61,1228484037.36,1.14,0.071885,7.19,0.0264,2.64,False,False,False,False,False
CMP-1321,AH,Apex Hydrocarbons,Energy,2021,2021-12-31,USD,24893609390.26,4915497128.63,3600197640.86,4.29,0.1975,19.75,0.1446,14.46,False,False,False,False,False
CMP-1700,AH,Apex Hydrocarbons,Energy,2021,2021-12-31,USD,54529995407.08,8318792519.44,6443962041.62,3.4,0.152554,15.26,0.1182,11.82,False,False,False,False,False
CMP-1456,AH,Apex Hydrocarbons,Energy,2021,2021-03-31,USD,61222411356.08,29088300709.38,25458878155.03,8.45,0.4751,47.51,0.4158,41.58,False,False,False,False,False
CMP-1585,AH,Apex Hydrocarbons,Energy,2021,2021-12-31,USD,,,26385316855.12,10.926,0.3206,32.06,0.3,30.0,False,False,False,False,True
CMP-1245,AH,Apex Hydrocarbons,Energy,2021,2021-12-31,USD,33642266560.19,4990000000.0,38688606544.21,38.05,0.1485,14.85,1.15,115.0,False,False,False,True,False
CMP-1734,AH,Apex Hydrocarbons,Energy,2022,2022-09-30,USD,88978518728.81,4784446995.72,2907385844.4,0.93,0.0538,5.38,0.0327,3.27,False,False,False,False,False
CMP-1923,AH,Apex Hydrocarbons,Energy,2022,2022-06-30,USD,57431472265.84,5720000000.0,4100310349.34,1.82,0.1,10.0,0.0714,7.14,False,False,False,False,False
CMP-1039,AH,Apex Hydrocarbons,Energy,2022,2022-06-30,USD,79436085833.18,31030000000.0,28166418112.43,8.29,0.391,39.1,0.3546,35.46,False,False,False,False,False
CMP-1727,AH,Apex Hydrocarbons,Energy,2022,2022-03-31,USD,8168597371.67,701318225.83,149329052.68,0.96,0.085855,8.59,0.018,1.8,False,False,False,False,False
CMP-1364,AH,Apex Hydrocarbons,Energy,2022,2022-12-31,USD,58237703446.42,20202400231.11,16416882174.42,,0.3469,34.69,0.2819,28.19,False,False,True,False,True
CMP-1753,AH,Apex Hydrocarbons,Energy,2023,2023-12-31,USD,53130000000.0,758201074.71,-1408702069.37,-0.91,0.0143,1.43,-0.0265,-2.65,False,True,False,False,False
CMP-1496,AH,Apex Hydrocarbons,Energy,2024,2024-09-30,USD,83842173159.79,-6206167926.35,-7935863483.2,-3.8,-0.074,-7.4,-0.0947,-9.47,True,True,False,False,False
CMP-1211,CE,Crestline Exploration,Energy,2021,2021-12-31,USD,32801739735.45,15011507838.76,13929996046.82,13.63,0.4576,45.76,0.4247,42.47,False,False,False,False,False
CMP-1342,CE,Crestline Exploration,Energy,2021,2021-12-31,USD,82790000000.0,16665524846.97,11953130590.47,7.87,0.2013,20.13,0.144379,14.44,False,False,False,False,False
CMP-1683,CE,Crestline Exploration,Energy,2022,2022-03-31,USD,93569119061.05,-6024256930.74,-11424356572.55,-3.99,-0.0644,-6.44,-0.1221,-12.21,True,True,False,False,False
CMP-1459,CE,Crestline Exploration,Energy,2022,2022-06-30,USD,2980000000.0,603318460.8,540210000.0,9.518,0.2028,20.28,0.1815,18.15,False,False,False,False,False
CMP-1771,CE,Crestline Exploration,Energy,2022,2022-06-30,USD,62560000000.0,1803653519.61,-1664617357.15,-0.4091,0.0288,2.88,-0.027,-2.7,False,True,False,False,False
CMP-1009,CE,Crestline Exploration,Energy,2022,2022-09-30,USD,47290000000.0,1210696356.6,183493085.76,,0.0256,2.56,0.0039,0.39,False,False,False,False,True
CMP-1548,CE,Crestline Exploration,Energy,2022,2022-12-31,USD,,10371994992.41,8503913698.59,1.92,,,0.123,12.3,False,False,False,False,True
CMP-1270,CE,Crestline Exploration,Energy,2023,2023-12-31,USD,32168731727.49,510927673.11,-1448095049.48,-2.36,0.0159,1.59,-0.045,-4.5,False,True,False,False,False
CMP-1660,CE,Crestline Exploration,Energy,2024,2024-12-31,USD,45944118853.98,-152108427.65,-1734619003.15,-1.24,-0.003311,-0.33,-0.0378,-3.78,True,True,False,False,False
CMP-1659,,Crestline Exploration,Energy,2024,2024-03-31,USD,9515231706.1,-524807375.03,-919071962.28,-1.58,-0.055154,-5.52,-0.097,-9.7,True,True,False,False,False
CMP-1439,EES,Echo Energy Systems,Energy,2021,2021-09-30,USD,23811152697.29,5383701624.86,4041541086.6,10.12,0.2261,22.61,0.17,17.0,False,False,False,False,False
CMP-1785,EES,Echo Energy Systems,Energy,2021,2021-06-30,USD,25968870986.62,3388702883.78,2621418071.26,4.67,0.13,13.0,0.1009,10.09,False,False,False,False,False
CMP-1020,EES,Echo Energy Systems,Energy,2021,2021-09-30,USD,84341604173.46,-3947978011.72,-8642620571.33,-5.05,-0.0468,-4.68,-0.1025,-10.25,True,True,False,False,False
CMP-1587,EES,Echo Energy Systems,Energy,2021,2021-12-31,USD,34398617151.91,11633888789.5,9560000000.0,7.66,0.3382,33.82,0.278,27.8,False,False,False,False,False
CMP-1599,EES,Echo Energy Systems,Energy,2022,2022-06-30,USD,61024985985.62,15500000000.0,11293038641.78,7.8,0.254,25.4,0.1851,18.51,False,False,False,False,False
CMP-1760,EES,Echo Energy Systems,Energy,2022,2022-06-30,USD,45317099482.32,22892078106.82,20425396714.57,11.898,0.5052,50.52,0.4507,45.07,False,False,False,False,False
CMP-1485,EES,Echo Energy Systems,Energy,2022,2022-03-31,USD,47543282009.24,358736841.79,-842860000.0,,0.008,0.8,-0.0177,-1.77,False,True,False,False,True
CMP-1816,EES,Echo Energy Systems,Energy,2022,2022-12-31,USD,82053200563.41,9028769620.87,4360000000.0,1.48,0.11,11.0,0.0532,5.32,False,False,False,False,False
CMP-1045,EES,Echo Energy Systems,Energy,2022,2022-09-30,EUR,23355041490.09,5482845165.68,4907023385.63,11.6,0.2348,23.48,0.2101,21.01,False,False,False,False,False
CMP-1149,EES,Echo Energy Systems,Energy,2022,2022-12-31,USD,84654828029.92,1880420569.33,-2325199345.04,-1.25,0.0222,2.22,-0.0275,-2.75,False,True,False,False,False
CMP-1372,EES,Echo Energy Systems,Energy,2023,2023-03-31,USD,40964863610.47,12934619292.77,10084988691.31,5.115,0.315749,31.57,0.246,24.6,False,False,False,False,False
CMP-1638,EES,Echo Energy Systems,Energy,2023,2023-09-30,USD,91481609098.93,9419772885.75,6559228650.87,1.71,0.103,10.3,0.0717,7.17,False,False,False,False,False
CMP-1408,EES,Echo Energy Systems,Energy,2023,2023-12-31,USD,1645413203.85,-64070945.4,-142060198.39,-3.06,-0.0389,-3.89,-0.0863,-8.63,True,True,False,False,False
CMP-1567,EES,Echo Energy Systems,Energy,2024,2024-09-30,USD,15066706580.37,-1920000000.0,-2639919617.69,,-0.1275,-12.75,-0.175,-17.5,True,True,False,False,True
CMP-1679,EES,Echo Energy Systems,Energy,2024,2024-06-30,USD,639276187.16,-28240000.0,-64338310.03,-5.89,-0.0442,-4.42,-0.1006,-10.06,True,True,False,False,False
CMP-1069,HCP,Helios Clean Power,Energy,2021,2021-09-30,USD,4029403836.8,823270000.0,576949340.25,4.47,0.2043,20.43,0.143,14.3,False,False,False,False,False
CMP-1664,HCP,Helios Clean Power,Energy,2021,2021-09-30,USD,74923388613.65,15971115004.08,13129351560.74,7.81,0.2132,21.32,0.1752,17.52,False,False,False,False,False
CMP-1556,HCP,Helios Clean Power,Energy,2021,2021-09-30,USD,35895247823.4,3389018098.86,2415750178.51,3.704,0.0944,9.44,0.0673,6.73,False,False,False,False,False
CMP-1696,HCP,Helios Clean Power,Energy,2021,2021-12-31,USD,5382694196.68,2516195160.35,2176374783.53,9.33,0.4675,46.75,0.4043,40.43,False,False,False,False,False
CMP-1688,HCP,Helios Clean Power,Energy,2021,2021-09-30,USD,35397032785.37,11849141530.84,10324031801.13,,0.3347,33.47,0.0,0.0,False,False,False,False,True
CMP-1714,HCP,Helios Clean Power,Energy,2022,2022-03-31,USD,1930000000.0,682852562.9,585489885.17,8.831,0.3542,35.42,0.3037,30.37,False,False,False,False,False
CMP-1917,,Helios Clean Power,Energy,2022,2022-06-30,USD,76613139067.85,1180807807.1,-3978153366.15,-1.71,0.0154,1.54,-0.052,-5.2,False,True,False,False,False
CMP-1848,HCP,Helios Clean Power,Energy,2022,2022-12-31,USD,562657215.03,108592842.5,79737975.94,6.9216,0.193,19.3,0.1419,14.19,False,False,False,False,False
CMP-1934,HCP,Helios Clean Power,Energy,2022,2022-12-31,USD,47044593477.5,-9775866524.62,-11644416855.77,-9.62,-0.2078,-20.78,-0.2475,-24.75,True,True,False,False,False
CMP-1672,HCP,Helios Clean Power,Energy,2022,2022-12-31,USD,,,1608209301.35,0.91,0.074,7.4,0.0505,5.05,False,False,False,False,True
CMP-1639,HCP,Helios Clean Power,Energy,2023,2023-06-30,USD,13810000000.0,317493786.8,-388272147.52,,0.02299,2.3,-0.0281,-2.81,False,True,False,False,True
CMP-1666,HCP,Helios Clean Power,Energy,2024,2024-06-30,USD,10122610329.18,-1363515611.34,-1585624005.66,-2.6,-0.1347,-13.47,-0.1567,-15.67,True,True,False,False,False
CMP-1631,HCP,Helios Clean Power,Energy,2024,2024-06-30,USD,28218028569.47,4926867788.23,3271701643.6,4.44,0.1746,17.46,0.1159,11.59,False,False,False,False,False
CMP-1429,HCP,Helios Clean Power,Energy,2024,2024-09-30,USD,23245461268.17,-4895936559.94,-5502063562.15,-5.65,-0.210619,-21.06,-0.237,-23.7,True,True,False,False,False
CMP-1018,HCP,Helios Clean Power,Energy,2024,2024-12-31,USD,82063273745.24,-10788661000.65,-12690000000.0,-4.48,-0.131,-13.1,-0.1546,-15.46,True,True,False,False,False
CMP-1179,HCP,Helios Clean Power,Energy,2024,2024-12-31,USD,80489741568.91,23281252340.12,21158381034.54,8.64,0.2892,28.92,0.2629,26.29,False,False,False,False,False
CMP-1849,HCP,Helios Clean Power,Energy,2024,2024-12-31,USD,14870000000.0,3085812998.93,2447709934.41,5.0712,0.2075,20.75,0.1646,16.46,False,False,False,False,False
CMP-1838,HCP,Helios Clean Power,Energy,2024,2024-06-30,USD,43402046608.37,2240000000.0,941738937.96,,0.0515,5.15,0.0217,2.17,False,False,False,False,True
CMP-1204,NGC,Nordic Gas,Energy,2022,2022-03-31,USD,61324881848.33,4593233650.44,2887014297.27,2.222,0.0749,7.49,0.0471,4.71,False,False,False,False,False
CMP-1689,NGC,Nordic Gas,Energy,2022,2022-06-30,USD,66179872914.76,21111379459.81,17377880416.65,14.13,0.319,31.9,0.2627,26.27,False,False,False,False,False
CMP-1866,,Nordic Gas Corp,Energy,2021,2021-06-30,USD,58288960243.94,-4138516177.32,-7775713128.91,-7.6875,-0.071,-7.1,-0.133,-13.3,True,True,False,False,False
CMP-1906,NGC,Nordic Gas Corp,Energy,2021,2021-12-31,USD,37850000000.0,2730342722.68,407550348.35,0.18,0.0721,7.21,0.0108,1.08,False,False,False,False,False
CMP-1138,NGC,Nordic Gas Corp,Energy,2021,2021-03-31,USD,16464363460.32,-111790281.51,-514099088.49,-0.64,-0.0068,-0.68,-0.0312,-3.12,True,True,False,False,False
CMP-1715,NGC,Nordic Gas Corp,Energy,2021,2021-09-30,USD,26118595980.7,8420000000.0,7119360379.45,14.712,0.3225,32.25,0.2726,27.26,False,False,False,False,False
CMP-1075,NGC,Nordic Gas Corp,Energy,2021,2021-12-31,USD,24150000000.0,10601780304.56,9455686218.67,,0.439,43.9,0.3916,39.16,False,False,False,False,True
CMP-1203,NGC,Nordic Gas Corp,Energy,2021,2021-09-30,USD,89907911171.63,15883700135.09,12407368869.28,3.75,0.176666,17.67,0.138,13.8,False,False,False,False,False
CMP-1345,NGC,Nordic Gas Corp,Energy,2022,2022-12-31,USD,11859755732.52,3016783236.22,2456712736.53,3.16,0.254,25.4,0.2071,20.71,False,False,False,False,False
CMP-1935,NGC,Nordic Gas Corp,Energy,2022,2022-12-31,USD,15749215367.7,290000000.0,-475412205.83,-1.55,0.0184,1.84,-0.03,-3.0,False,True,False,False,False
CMP-1117,NGC,Nordic Gas Corp,Energy,2022,2022-09-30,USD,82343037557.79,33414685455.77,31581652572.07,6.21,0.4058,40.58,0.3835,38.35,False,False,False,False,False
CMP-1294,NGC,Nordic Gas Corp,Energy,2022,2022-12-31,USD,1597461875.02,173963598.19,,2.72,0.1089,10.89,0.0649,6.49,False,False,False,False,True
CMP-1169,NGC,Nordic Gas Corp,Energy,2023,2023-09-30,USD,77477311061.87,19051603642.3,14922130110.52,7.4,0.2459,24.59,0.1926,19.26,False,False,False,False,False
CMP-1762,NGC,Nordic Gas Corp,Energy,2023,2023-09-30,USD,79513122953.09,16304926535.79,12790000000.0,4.83,0.2051,20.51,0.1608,16.08,False,False,False,False,False
CMP-1016,NGC,Nordic Gas Corp,Energy,2023,2023-06-30,USD,7545035827.74,1846889737.49,1420969760.86,9.36,0.244782,24.48,0.1883,18.83,False,False,False,False,False
CMP-1616,NGC,Nordic Gas Corp,Energy,2024,2024-09-30,USD,90917582563.27,-33626188190.0,-37530000000.0,-10.07,-0.37,-37.0,-0.4127,-41.27,True,True,False,False,False
CMP-1632,NGC,Nordic Gas Corporation,Energy,2022,2022-12-31,USD,33395033554.4,10619620670.3,8323736434.82,13.24,0.318,31.8,0.249,24.9,False,False,False,False,False
CMP-1222,PEC,Petrodyn Energy,Energy,2021,2021-03-31,USD,49540000000.0,3832121575.06,1347428001.3,0.71,0.0774,7.74,0.0272,2.72,False,False,False,False,False
CMP-1390,PEC,Petrodyn Energy,Energy,2023,2023-06-30,USD,20189132708.67,1233556008.5,-57469216.17,-0.2,0.0611,6.11,-0.28,-28.0,False,True,False,False,False
CMP-1521,PEC,Petrodyn Energy,Energy,2024,2024-12-31,USD,18013701965.46,5437335574.28,5005935187.36,7.16,0.301844,30.18,0.277896,27.79,False,False,False,False,False
CMP-1362,PEC,Petrodyn Energy Corp,Energy,2021,2021-09-30,USD,4602484354.78,1035342847.09,804847710.5,,0.225,22.5,0.174872,17.49,False,False,False,False,True
CMP-1774,PEC,Petrodyn Energy Corp,Energy,2021,2021-09-30,USD,72935672180.83,28550000000.0,24345934001.25,17.07,0.3914,39.14,0.3338,33.38,False,False,False,False,False
CMP-1814,PEC,Petrodyn Energy Corp,Energy,2021,2021-09-30,USD,34040000000.0,-181720222.88,-1895392894.1,-3.04,-0.0053,-0.53,-0.055681,-5.57,True,True,False,False,False
CMP-1422,PEC,Petrodyn Energy Corp,Energy,2022,2022-12-31,USD,28419531471.62,7084523062.73,5970000000.0,,0.249,24.9,0.2102,21.02,False,False,False,False,True
CMP-1292,,Petrodyn Energy Corp,Energy,2022,2022-03-31,USD,19449586673.18,129342991.01,-825603903.59,-1.151,0.67,67.0,-0.042448,-4.24,False,True,False,False,False
CMP-1454,PEC,Petrodyn Energy Corp,Energy,2022,2022-12-31,USD,31514215216.08,-371455179.8,-1350000000.0,-1.79,-0.012,-1.2,-0.0428,-4.28,True,True,False,False,False
CMP-1536,PEC,Petrodyn Energy Corp,Energy,2022,2022-09-30,USD,8730000000.0,-174600000.0,-495711679.72,-2.15,-0.02,-2.0,-0.0568,-5.68,True,True,False,False,False
CMP-1783,PEC,Petrodyn Energy Corp,Energy,2022,2022-12-31,USD,62820000000.0,3374852900.61,-382766845.69,-0.2,0.0537,5.37,-0.0061,-0.61,False,True,False,False,False
CMP-1915,PEC,Petrodyn Energy Corp,Energy,2023,2023-09-30,USD,29650252600.76,1625198290.68,182650000.0,0.18,0.0548,5.48,0.0062,0.62,False,False,False,False,False
CMP-1553,PEC,Petrodyn Energy Corp,Energy,2024,2024-06-30,USD,75946942178.98,-4330918208.22,-8972880274.78,-6.33,-0.057,-5.7,-0.1181,-11.81,True,True,False,False,False
CMP-1219,PEC,Petrodyn Energy Corp,Energy,2024,2024-12-31,USD,78910600450.33,18886104696.34,16493451362.32,3.24,0.2393,23.93,0.209,20.9,False,False,False,False,False
CMP-1583,SEG,Solaris Energy,Energy,2021,2021-12-31,USD,10825467874.26,4420000000.0,3743960329.4,12.02,0.4085,40.85,0.3458,34.58,False,False,False,False,False
CMP-1430,SEG,Solaris Energy,Energy,2023,2023-09-30,USD,84314403069.78,-8541049030.97,-13670000000.0,-8.71,-0.1013,-10.13,-0.1621,-16.21,True,True,False,False,False
CMP-1563,SEG,Solaris Energy,Energy,2024,2024-09-30,USD,43830424339.34,3281757392.22,1771262850.76,,0.0749,7.49,0.0404,4.04,False,False,False,False,True
CMP-1309,SEG,Solaris Energy Group,Energy,2022,2022-06-30,USD,47579495204.82,2128055596.73,-144730177.81,-0.14,0.0447,4.47,-0.3,-30.0,False,True,False,False,False
CMP-1065,SEG,Solaris Energy Group,Energy,2022,2022-12-31,USD,47893289847.94,8922519898.67,6052877987.21,5.59,0.1863,18.63,0.1264,12.64,False,False,False,False,False
CMP-1634,SEG,Solaris Energy Group,Energy,2023,2023-03-31,USD,74250000000.0,-19989077730.36,-22598495752.69,-5.47,-0.2692,-26.92,-0.3044,-30.44,True,True,False,False,False
CMP-1220,SEG,Solaris Energy Group,Energy,2023,2023-03-31,USD,13440000000.0,5800134782.01,5084659543.4,8.66,0.4317,43.17,0.3784,37.84,False,False,False,False,False
CMP-1901,SEG,Solaris Energy Group,Energy,2023,2023-12-31,USD,11495876848.04,2642159474.23,2060010664.35,10.26,0.2298,22.98,0.1792,17.92,False,False,False,False,False
CMP-1465,SEG,Solaris Energy Group,Energy,2023,2023-03-31,USD,13290960775.24,3722261869.43,2957117814.13,0.0,0.2801,28.01,0.2225,22.25,False,False,False,False,False
CMP-1311,SEG,Solaris Energy Group,Energy,2023,2023-09-30,USD,3396661458.45,820531270.22,708834964.26,7.47,0.2416,24.16,0.209,20.9,False,False,False,False,False
CMP-1091,SEG,Solaris Energy Group,Energy,2023,2023-06-30,USD,88456567269.54,-7050220058.85,-12615963670.66,-4.89,-0.08,-8.0,-0.143,-14.3,True,True,False,False,False
CMP-1062,SEG,Solaris Energy Group,Energy,2023,2023-03-31,USD,58624612926.95,19363709649.77,16020220474.35,12.67,0.3303,33.03,0.2733,27.33,False,False,False,False,False
CMP-1455,SEG,Solaris Energy Group,Energy,2024,2024-09-30,USD,70020164295.6,8101333009.0,3202645517.93,2.61,0.1157,11.57,0.0457,4.57,False,False,False,False,False
CMP-1925,SEG,Solaris Energy Group,Energy,2024,2024-12-31,USD,40150000000.0,1967350000.0,1050450148.25,,0.049,4.9,0.026163,2.62,False,False,False,False,True
CMP-1527,TPC,Terragreen Power,Energy,2022,2022-12-31,USD,42399411358.83,3249391100.64,1114390834.48,1.141,0.0766,7.66,0.0263,2.63,False,False,False,False,False
CMP-1251,,Terragreen Power Co,Energy,2021,2021-09-30,CAD,90307825437.13,-6980794906.29,-12335442132.51,-2.6,-0.0773,-7.73,-0.1366,-13.66,True,True,False,False,False
CMP-1581,TPC,Terragreen Power Co,Energy,2021,2021-03-31,USD,82300000000.0,-24323231332.18,-30004769399.66,-12.16,-0.2956,-29.56,-0.3646,-36.46,True,True,False,False,False
CMP-1418,TPC,Terragreen Power Co,Energy,2021,2021-03-31,USD,7233760773.82,-32180773.53,-284109361.8,-1.2072,-0.0044,-0.44,-0.0393,-3.93,True,True,False,False,False
CMP-1861,,Terragreen Power Co,Energy,2021,2021-03-31,USD,12358455047.52,646490000.0,14212223304.65,29.51,0.0523,5.23,1.15,115.0,False,False,False,True,False
CMP-1489,,Terragreen Power Co,Energy,2022,2022-12-31,USD,50871227954.76,12036837209.58,10617644860.54,9.67,0.2366,23.66,0.2087,20.87,False,False,False,False,False
CMP-1486,TPC,Terragreen Power Co,Energy,2022,2022-09-30,USD,78188748676.72,29380000000.0,24041577200.9,7.4317,0.3757,37.57,0.307,30.7,False,False,False,False,False
CMP-1681,TPC,Terragreen Power Co,Energy,2023,2023-12-31,USD,29126970583.02,8379828720.83,7323546219.19,11.83,0.2877,28.77,0.2514,25.14,False,False,False,False,False
CMP-1015,TPC,Terragreen Power Co,Energy,2023,2023-03-31,USD,51784779858.45,2233710633.45,833128537.92,0.822,0.0431,4.31,0.0161,1.61,False,False,False,False,False
CMP-1500,TPC,Terragreen Power Co,Energy,2023,2023-09-30,USD,45025366449.15,4961795382.7,3241826384.34,2.7,0.1102,11.02,0.072,7.2,False,False,False,False,False
CMP-1089,TPC,Terragreen Power Co,Energy,2024,2024-09-30,USD,76428947921.37,30686222590.43,28080000000.0,8.44,0.4015,40.15,0.367,36.7,False,False,False,False,False
CMP-1319,TPC,Terragreen Power Co,Energy,2024,2024-06-30,USD,,,3747429785.15,1.73,0.0875,8.75,0.045,4.5,False,False,False,False,True
CMP-1092,TPC,Terragreen Power Co,Energy,2024,2024-06-30,USD,71457315906.3,4757287706.2,103440979.34,0.05,0.0666,6.66,0.001,0.1,False,False,False,False,False
CMP-1776,TPC,Terragreen Power Co,Energy,2024,2024-03-31,USD,59134772687.41,608190000.0,-1150993356.8,-1.07,0.0103,1.03,-0.019,-1.9,False,True,False,False,False
CMP-1795,TPC,Terragreen Power Co,Energy,2024,2024-12-31,USD,4310000000.0,848960296.02,674020633.94,3.26,0.1968,19.68,0.1563,15.63,False,False,False,False,False
CMP-1197,TO&G,Titan Oil & Gas,Energy,2023,2023-09-30,USD,39681979692.2,9245920139.31,8282938355.7,12.49,0.233,23.3,0.2087,20.87,False,False,False,False,False
CMP-1608,TO&G,Titan Oil & Gas,Energy,2023,2023-12-31,USD,23824855639.58,-345960473.04,-943840000.0,-1.24,-0.0145,-1.45,-0.0396,-3.96,True,True,False,False,False
CMP-1829,TO&G,Titan Oil & Gas Ltd,Energy,2021,2021-09-30,EUR,13460532130.43,1520787612.7,860750000.0,2.41,0.112981,11.3,0.0639,6.39,False,False,False,False,False
CMP-1670,TO&G,Titan Oil & Gas Ltd,Energy,2021,2021-12-31,USD,84991911589.39,33485892040.09,29761819581.72,13.09,0.394,39.4,0.35,35.0,False,False,False,False,False
CMP-1858,TO&G,Titan Oil & Gas Ltd,Energy,2021,2021-09-30,USD,79800000000.0,-11137544328.96,-12930000000.0,-7.71,-0.1396,-13.96,-0.162,-16.2,True,True,False,False,False
CMP-1184,TO&G,Titan Oil & Gas Ltd,Energy,2021,2021-12-31,USD,14991707594.47,2586002869.81,1827831562.67,,0.1725,17.25,0.1219,12.19,False,False,False,False,True
CMP-1383,TO&G,Titan Oil & Gas Ltd,Energy,2021,2021-03-31,USD,88101591468.85,-9980670258.74,-14120000000.0,-8.48,-0.113,-11.3,-0.16027,-16.03,True,True,False,False,False
CMP-1539,TO&G,Titan Oil & Gas Ltd,Energy,2021,2021-03-31,EUR,39341491612.59,884340904.53,-1687827459.95,-2.02,0.0225,2.25,-0.0429,-4.29,False,True,False,False,False
CMP-1903,TO&G,Titan Oil & Gas Ltd,Energy,2022,2022-06-30,USD,79279358989.9,2104743310.79,-2710173621.06,,0.0265,2.65,-0.0342,-3.42,False,True,False,False,True
CMP-1839,TO&G,Titan Oil & Gas Ltd,Energy,2022,2022-12-31,USD,17070757050.96,3450000000.0,2625868263.67,6.31,0.2021,20.21,0.1537,15.37,False,False,False,False,False
CMP-1159,TO&G,Titan Oil & Gas Ltd,Energy,2022,2022-03-31,USD,53061224489.8,2340000000.0,-236096865.54,-0.12,0.0441,4.41,-0.0044,-0.44,False,True,False,False,False
CMP-1668,TO&G,Titan Oil & Gas Ltd,Energy,2022,2022-09-30,USD,90318391619.37,-12395709160.99,-16821711520.57,-7.12,-0.1372,-13.72,-0.1862,-18.62,True,True,False,False,False
CMP-1209,TO&G,Titan Oil & Gas Ltd,Energy,2022,2022-03-31,USD,19871015916.8,3685993796.75,2997316317.72,,0.1855,18.55,0.0,0.0,False,False,False,False,True
CMP-1134,TO&G,Titan Oil & Gas Ltd,Energy,2023,2023-03-31,USD,60356380732.93,7110000000.0,5518503319.1,1.9,0.1179,11.79,0.0914,9.14,False,False,False,False,False
CMP-1747,TO&G,Titan Oil & Gas Ltd,Energy,2023,2023-09-30,USD,66080000000.0,13520000000.0,11441031606.41,3.51,0.2046,20.46,0.1731,17.31,False,False,False,False,False
CMP-1054,TO&G,Titan Oil & Gas Ltd,Energy,2024,2024-12-31,USD,92449497424.11,27564856666.79,22798444279.39,12.52,0.298,29.8,0.247,24.7,False,False,False,False,False
CMP-1208,TO&G,Titan Oil & Gas Ltd,Energy,2024,2024-12-31,USD,68754225060.36,12529588527.64,9790000000.0,6.42,0.1822,18.22,0.1424,14.24,False,False,False,False,False
CMP-1240,TO&G,Titan Oil & Gas Ltd,Energy,2024,2024-12-31,USD,22235835123.69,-1059477003.49,-2309983427.71,-1.864,-0.048,-4.8,-0.1039,-10.39,True,True,False,False,False
CMP-1374,TO&G,Titan Oil & Gas Ltd,Energy,2024,2024-03-31,USD,26408182989.9,,-2532282943.35,-1.74,,,-0.096,-9.6,False,True,False,False,True
CMP-1597,VRI,Vortex Resources Inc,Energy,2021,2021-06-30,USD,27054925146.87,332150000.0,-1300000000.0,-2.72,0.0123,1.23,-0.0479,-4.79,False,True,False,False,False
CMP-1948,VRI,Vortex Resources Inc,Energy,2021,2021-12-31,USD,78299318598.26,31674020637.62,30044610262.02,19.89,0.4045,40.45,0.3837,38.37,False,False,False,False,False
CMP-1501,VRI,Vortex Resources Inc,Energy,2021,2021-12-31,USD,78769554355.32,29540000000.0,26648857407.33,7.72,0.3751,37.51,0.3383,33.83,False,False,False,False,False
CMP-1671,VRI,Vortex Resources Inc,Energy,2021,2021-03-31,USD,19842270305.91,1329951950.78,346638181.5,0.41,0.067026,6.7,0.01747,1.75,False,False,False,False,False
CMP-1402,VRI,Vortex Resources Inc,Energy,2022,2022-09-30,USD,48640000000.0,-6620000000.0,-9113679289.32,-7.25,-0.136,-13.6,-0.187,-18.7,True,True,False,False,False
CMP-1617,VRI,Vortex Resources Inc,Energy,2022,2022-12-31,USD,35342827646.72,5055449691.68,3695080830.35,1.81,0.143,14.3,0.105,10.5,False,False,False,False,False
CMP-1709,VRI,Vortex Resources Inc,Energy,2022,2022-12-31,USD,33246533871.53,983932956.82,-341959391.18,-0.28,0.0296,2.96,-0.0103,-1.03,False,True,False,False,False
CMP-1155,VRI,Vortex Resources Inc,Energy,2022,2022-06-30,USD,27440000000.0,749736521.61,-36974866.13,-0.07,0.0273,2.73,-0.0013,-0.13,False,True,False,False,False
CMP-1685,VRI,Vortex Resources Inc,Energy,2023,2023-03-31,USD,16311863228.1,2950000000.0,1991877326.79,5.04,0.1811,18.11,0.122112,12.21,False,False,False,False,False
CMP-1160,VRI,Vortex Resources Inc,Energy,2023,2023-03-31,USD,73217082186.64,2810052534.79,-211749843.51,-0.11,0.0384,3.84,-0.0029,-0.29,False,True,False,False,False
CMP-1876,VRI,Vortex Resources Inc,Energy,2023,2023-03-31,USD,1149967429.76,292529042.63,245886508.07,7.08,0.2544,25.44,0.2138,21.38,False,False,False,False,False
CMP-1945,VRI,Vortex Resources Inc,Energy,2023,2023-12-31,USD,27852034793.04,9491360532.46,8283026166.49,12.75,0.340778,34.08,0.297394,29.74,False,False,False,False,False
CMP-1357,VRI,Vortex Resources Inc,Energy,2023,2023-03-31,USD,51450740645.81,-1912373996.67,-3742239394.1,,-0.0372,-3.72,-0.0727,-7.27,True,True,False,False,True
CMP-1239,VRI,Vortex Resources Inc,Energy,2024,2024-12-31,USD,78830000000.0,9895463778.3,8172943291.2,4.34,0.1255,12.55,0.1037,10.37,False,False,False,False,False
CMP-1643,VRI,Vortex Resources Inc,Energy,2024,2024-03-31,USD,6378204872.56,-1214588984.53,-1389129531.72,-3.34,-0.1904,-19.04,-0.218,-21.8,True,True,False,False,False
CMP-1954,VRI,Vortex Resources Inc,Energy,2024,2024-03-31,USD,41050000000.0,12528762413.3,11243451170.8,12.64,0.305,30.5,0.2739,27.39,False,False,False,False,False
CMP-1295,TPC,,Energy,2022,2022-03-31,USD,28062113688.03,452677133.68,-1083197588.36,-2.07,0.0161,1.61,-0.0386,-3.86,False,True,False,False,False
CMP-1854,HCP,,Energy,2022,2022-03-31,USD,73210000000.0,25690356410.1,23601195108.77,5.28,0.3509,35.09,0.322377,32.24,False,False,False,False,False
CMP-1927,AF,Apex Financial,Financial Services,2021,2021-03-31,USD,94548423390.47,25702773074.72,22360000000.0,3.976,0.2718,27.18,0.0,0.0,False,False,False,False,False
CMP-1645,AF,Apex Financial,Financial Services,2022,2022-12-31,USD,29250000000.0,7735445729.72,6418104638.52,10.0,0.2644,26.44,0.2194,21.94,False,False,False,False,False
CMP-1173,AF,Apex Financial,Financial Services,2022,2022-03-31,USD,65360000000.0,18406648098.82,14140000000.0,9.32,0.2816,28.16,0.2163,21.63,False,False,False,False,False
CMP-1241,AF,Apex Financial,Financial Services,2022,2022-12-31,USD,38040000000.0,15512537008.72,13725612665.46,18.3,0.4078,40.78,0.3608,36.08,False,False,False,False,False
CMP-1152,AF,Apex Financial,Financial Services,2022,2022-03-31,USD,34265786693.14,14377924096.44,12714593717.84,,0.4196,41.96,0.371,37.1,False,False,False,False,True
CMP-1281,AF,Apex Financial,Financial Services,2022,2022-12-31,USD,54331026812.26,13004169969.16,11470000000.0,10.72,0.2394,23.94,0.2112,21.12,False,False,False,False,False
CMP-1712,AF,Apex Financial,Financial Services,2022,2022-12-31,USD,9350000000.0,2540000000.0,2309341801.68,10.37,0.271658,27.17,0.2471,24.71,False,False,False,False,False
CMP-1131,AF,Apex Financial,Financial Services,2022,2022-12-31,USD,74763778017.28,4700000000.0,-15309248.02,-0.01,0.0629,6.29,-0.02,-2.0,False,True,False,False,False
CMP-1625,AF,Apex Financial,Financial Services,2023,2023-12-31,USD,45677557626.03,13330000000.0,11649355960.26,4.05,0.2919,29.19,0.255,25.5,False,False,False,False,False
CMP-1520,AF,Apex Financial,Financial Services,2023,2023-09-30,USD,108376530924.48,34990000000.0,29605240550.76,15.07,0.3228,32.28,0.2732,27.32,False,False,False,False,False
CMP-1658,AF,Apex Financial,Financial Services,2024,2024-03-31,USD,76233333557.94,16041998576.8,11284878131.26,,0.2104,21.04,0.148,14.8,False,False,False,False,True
CMP-1392,AF,Apex Financial,Financial Services,2024,2024-03-31,USD,9986038181.23,1609836424.44,1063125255.42,3.25,0.1612,16.12,0.1065,10.65,False,False,False,False,False
CMP-1881,AF,Apex Financial,Financial Services,2024,2024-12-31,USD,36203065752.31,16337240592.62,14530000000.0,13.86,0.451,45.1,0.401,40.1,False,False,False,False,False
CMP-1235,AF,Apex Financial,Financial Services,2024,2024-03-31,USD,118523860557.2,40688549550.47,32723394462.59,4.63,0.3433,34.33,0.2761,27.61,False,False,False,False,False
CMP-1878,BCG,Beacon Capital,Financial Services,2021,2021-12-31,USD,37871205758.85,6421398939.17,5300000000.0,3.26,0.1696,16.96,0.14,14.0,False,False,False,False,False
CMP-1686,BCG,Beacon Capital,Financial Services,2023,2023-12-31,USD,114237145669.47,13845542055.14,7477669571.97,3.22,0.1212,12.12,0.0654,6.54,False,False,False,False,False
CMP-1898,BCG,Beacon Capital,Financial Services,2024,2024-12-31,USD,111926818946.79,35101046981.67,32679739363.56,10.63,0.3136,31.36,0.292,29.2,False,False,False,False,False
CMP-1882,BCG,Beacon Capital Group,Financial Services,2021,2021-12-31,USD,19980000000.0,5839648817.63,4538581057.79,6.92,0.292275,29.23,0.227,22.7,False,False,False,False,False
CMP-1650,BCG,Beacon Capital Group,Financial Services,2021,2021-03-31,USD,85493219847.8,24350000000.0,21528821868.54,8.73,0.2848,28.48,0.2518,25.18,False,False,False,False,False
CMP-1298,BCG,Beacon Capital Group,Financial Services,2021,2021-06-30,USD,74290000000.0,24701676465.44,23180000000.0,9.26,0.332503,33.25,0.312,31.2,False,False,False,False,False
CMP-1267,BCG,Beacon Capital Group,Financial Services,2021,2021-12-31,USD,100543078895.4,32374871404.32,26860598860.51,12.19,0.322,32.2,0.267,26.7,False,False,False,False,False
CMP-1580,BCG,Beacon Capital Group,Financial Services,2022,2022-12-31,USD,91487243507.91,27812122026.4,23734613432.77,10.63,0.304,30.4,0.2594,25.94,False,False,False,False,False
CMP-1565,BCG,Beacon Capital Group,Financial Services,2022,2022-12-31,USD,99256870961.06,30064906214.11,23200000000.0,6.54,0.3029,30.29,0.2337,23.37,False,False,False,False,False
CMP-1410,BCG,Beacon Capital Group,Financial Services,2022,2022-12-31,USD,18260825163.87,7250000000.0,6446452307.99,11.27,0.3968,39.68,0.353,35.3,False,False,False,False,False
CMP-1130,BCG,Beacon Capital Group,Financial Services,2022,2022-03-31,USD,108527795730.9,32559797540.93,26136834921.78,7.91,0.3,30.0,0.241,24.1,False,False,False,False,False
CMP-1869,BCG,Beacon Capital Group,Financial Services,2022,2022-09-30,USD,37631968460.92,14443149495.3,13052240792.51,6.43,0.3838,38.38,0.3468,34.68,False,False,False,False,False
CMP-1691,BCG,Beacon Capital Group,Financial Services,2022,2022-09-30,USD,117430000000.0,39221737071.77,135043923351.11,53.54,0.334,33.4,1.149995,115.0,False,False,False,True,False
CMP-1957,BCG,Beacon Capital Group,Financial Services,2023,2023-12-31,USD,41160000000.0,12862998531.85,11055169796.11,,0.3125,31.25,0.2686,26.86,False,False,False,False,True
CMP-1803,BCG,Beacon Capital Group,Financial Services,2023,2023-09-30,USD,63460000000.0,18780000000.0,16838896028.06,15.9,0.2959,29.59,0.2653,26.53,False,False,False,False,False
CMP-1157,BCG,Beacon Capital Group,Financial Services,2023,2023-06-30,USD,47923315205.78,16699560660.45,13418082498.51,15.1,0.348464,34.85,0.28,28.0,False,False,False,False,False
CMP-1059,BCG,Beacon Capital Group,Financial Services,2023,2023-09-30,EUR,102405231819.44,36254942218.18,32699182229.22,10.32,0.354,35.4,0.3193,31.93,False,False,False,False,False
CMP-1749,BCG,Beacon Capital Group,Financial Services,2023,2023-06-30,USD,2589737282.54,1176942150.27,1100000000.0,23.477,0.4545,45.45,0.4262,42.62,False,False,False,False,False
CMP-1819,BCG,Beacon Capital Group,Financial Services,2023,2023-06-30,USD,7768570011.21,2233290070.39,1947686731.48,4.52,0.287,28.7,0.2507,25.07,False,False,False,False,False
CMP-1451,BCG,Beacon Capital Group,Financial Services,2024,2024-03-31,USD,96657183261.79,45299497072.44,42062347867.55,22.68,0.469,46.9,0.4352,43.52,False,False,False,False,False
CMP-1750,BCG,Beacon Capital Group,Financial Services,2024,2024-06-30,USD,29211959951.69,5900000000.0,4990000000.0,6.56,0.202,20.2,0.1709,17.09,False,False,False,False,False
CMP-1172,BCC,Bluestone Credit Corp,Financial Services,2021,2021-12-31,USD,89788842807.1,10950000000.0,103260000000.0,37.12,0.122,12.2,1.150032,115.0,False,False,False,True,False
CMP-1949,BCC,Bluestone Credit Corp,Financial Services,2021,2021-12-31,USD,5100000000.0,1580098446.98,1250872473.63,14.614,0.309823,30.98,0.245,24.5,False,False,False,False,False
CMP-1243,BCC,Bluestone Credit Corp,Financial Services,2023,2023-12-31,USD,3220773552.32,992974858.81,788439815.71,3.91,0.3083,30.83,0.2448,24.48,False,False,False,False,False
CMP-1649,BCC,Bluestone Credit Corp,Financial Services,2023,2023-12-31,USD,23870000000.0,7570037882.96,5960000000.0,14.9141,0.3171,31.71,0.2495,24.95,False,False,False,False,False
CMP-1378,BCC,Bluestone Credit Corp,Financial Services,2023,2023-03-31,USD,119298481538.17,41694794254.18,34950549803.08,10.5,0.3495,34.95,0.293,29.3,False,False,False,False,False
CMP-1407,BCC,Bluestone Credit Corp,Financial Services,2024,2024-12-31,USD,16712031775.76,4650000000.0,3872431460.28,5.72,0.2785,27.85,0.2317,23.17,False,False,False,False,False
CMP-1050,BCC,Bluestone Credit Corp,Financial Services,2024,2024-03-31,USD,65983434587.18,25399316186.45,,16.642,0.3849,38.49,,,False,False,False,False,True
CMP-1102,CH,Crestview,Financial Services,2022,2022-12-31,USD,45100214252.01,17834222789.06,14796162814.52,19.48,0.3954,39.54,0.3281,32.81,False,False,False,False,False
CMP-1922,CH,Crestview,Financial Services,2024,2024-09-30,USD,90946772499.58,17821284401.85,15930000000.0,7.84,0.196,19.6,0.1751,17.51,False,False,False,False,False
CMP-1376,CH,Crestview Holdings,Financial Services,2021,2021-09-30,USD,28283183267.44,10832459191.43,9350000000.0,12.89,0.383,38.3,0.3306,33.06,False,False,False,False,False
CMP-1180,,Crestview Holdings,Financial Services,2021,2021-06-30,USD,95740000000.0,22719102000.0,17342294971.57,8.59,0.2373,23.73,0.1811,18.11,False,False,False,False,False
CMP-1182,CH,Crestview Holdings,Financial Services,2021,2021-03-31,USD,30440347351.16,5302708508.57,3310050849.98,4.5,0.1742,17.42,0.1087,10.87,False,False,False,False,False
CMP-1234,CH,Crestview Holdings,Financial Services,2022,2022-12-31,USD,83170000000.0,19510000000.0,15814280087.71,4.7452,0.2346,23.46,0.1902,19.02,False,False,False,False,False
CMP-1538,CH,Crestview Holdings,Financial Services,2022,2022-03-31,USD,119140175628.19,28604223559.22,23875691195.89,6.81,0.2401,24.01,0.2004,20.04,False,False,False,False,False
CMP-1551,CH,Crestview Holdings,Financial Services,2022,2022-12-31,USD,101518842249.89,35836151314.21,30317616971.12,10.26,0.353,35.3,0.29864,29.86,False,False,False,False,False
CMP-1896,CH,Crestview Holdings,Financial Services,2023,2023-06-30,USD,100956772635.23,22659047503.48,16559210331.85,8.54,0.224443,22.44,0.164,16.4,False,False,False,False,False
CMP-1125,CH,Crestview Holdings,Financial Services,2024,2024-12-31,USD,92746511490.76,23150786582.18,18883688845.72,10.862,0.2496,24.96,0.2036,20.36,False,False,False,False,False
CMP-1318,CH,Crestview Holdings,Financial Services,2024,2024-06-30,USD,85980000000.0,26859760572.56,23020000000.0,7.0,0.3124,31.24,0.2678,26.78,False,False,False,False,False
CMP-1090,CH,Crestview Holdings,Financial Services,2024,2024-12-31,USD,90150000000.0,9125997252.06,3820000000.0,1.29,0.101,10.1,0.0424,4.24,False,False,False,False,False
CMP-1530,CH,Crestview Holdings,Financial Services,2024,2024-12-31,USD,114078566994.57,48815119734.27,43645843065.12,16.7,0.428,42.8,0.3826,38.26,False,False,False,False,False
CMP-1722,CH,Crestview Holdings,Financial Services,2024,2024-09-30,USD,86896703796.65,24468439410.9,99931209366.14,50.25,0.2816,28.16,1.15,115.0,False,False,False,True,False
CMP-1725,GRB,Global Reserve Bank,Financial Services,2021,2021-06-30,USD,25960000000.0,8744677524.67,7873821454.75,7.93,0.3368,33.68,0.3033,30.33,False,False,False,False,False
CMP-1883,GRB,Global Reserve Bank,Financial Services,2021,2021-12-31,USD,88056629515.3,15770942346.19,11110000000.0,7.18,0.1791,17.91,0.1262,12.62,False,False,False,False,False
CMP-1285,GRB,Global Reserve Bank,Financial Services,2021,2021-06-30,USD,49297280555.91,21987262271.19,18797483695.64,9.665,0.446,44.6,0.381309,38.13,False,False,False,False,False
CMP-1252,GRB,Global Reserve Bank,Financial Services,2021,2021-03-31,USD,50281690665.13,25693943929.88,24268295307.18,28.765,0.511,51.1,0.4826,48.26,False,False,False,False,False
CMP-1085,GRB,Global Reserve Bank,Financial Services,2022,2022-03-31,USD,108670000000.0,31200000000.0,27961747518.49,4.66,0.2871,28.71,0.257309,25.73,False,False,False,False,False
CMP-1491,GRB,Global Reserve Bank,Financial Services,2022,2022-12-31,USD,118027520284.01,27999011376.57,24810000000.0,5.06,0.237224,23.72,0.2102,21.02,False,False,False,False,False
CMP-1718,GRB,Global Reserve Bank,Financial Services,2022,2022-12-31,USD,70161943319.84,17330000000.0,12572318837.71,5.91,0.247,24.7,0.179,17.9,False,False,False,False,False
CMP-1188,GRB,Global Reserve Bank,Financial Services,2023,2023-12-31,USD,112143731667.85,30388398172.3,128965291418.03,68.22,0.270977,27.1,1.15,115.0,False,False,False,True,False
CMP-1619,GRB,Global Reserve Bank,Financial Services,2023,2023-12-31,USD,,,16142737863.63,11.16,0.248,24.8,0.2044,20.44,False,False,False,False,True
CMP-1953,GRB,Global Reserve Bank,Financial Services,2024,2024-12-31,USD,72500000000.0,26785662697.65,22860000000.0,12.89,0.3695,36.95,0.3153,31.53,False,False,False,False,False
CMP-1352,GRB,Global Reserve Bank,Financial Services,2024,2024-03-31,USD,73066239607.38,25426854656.29,21342002226.39,16.94,0.348,34.8,0.2921,29.21,False,False,False,False,False
CMP-1024,GRB,Global Reserve Bank,Financial Services,2024,2024-09-30,USD,108935706928.95,24680294522.57,18386255514.08,4.269,0.2266,22.66,0.1688,16.88,False,False,False,False,False
CMP-1740,HB,Horizon Bancorp,Financial Services,2021,2021-12-31,USD,37383882976.1,10841326063.07,9091120511.2,7.553,0.29,29.0,0.243183,24.32,False,False,False,False,False
CMP-1705,HB,Horizon Bancorp,Financial Services,2021,2021-06-30,USD,75984173790.43,20109331048.69,17830000000.0,7.939,0.2647,26.47,0.235,23.5,False,False,False,False,False
CMP-1626,HB,Horizon Bancorp,Financial Services,2021,2021-12-31,USD,15186897360.36,3920000000.0,3310469118.62,8.48,0.2582,25.82,0.218,21.8,False,False,False,False,False
CMP-1007,HB,Horizon Bancorp,Financial Services,2021,2021-03-31,USD,113881598809.22,26016983938.34,18240000000.0,8.23,0.2285,22.85,0.16,16.0,False,False,False,False,False
CMP-1351,,Horizon Bancorp,Financial Services,2022,2022-12-31,USD,48039086873.36,13355176506.13,11000847226.32,8.934,0.278,27.8,0.229,22.9,False,False,False,False,False
CMP-1471,HB,Horizon Bancorp,Financial Services,2022,2022-03-31,USD,6546588153.79,1890000000.0,1624352444.08,6.62,0.2887,28.87,0.2478,24.78,False,False,False,False,False
CMP-1086,HB,Horizon Bancorp,Financial Services,2022,2022-12-31,USD,12363126764.88,2860292499.24,2415853156.33,,0.231,23.1,0.195408,19.54,False,False,False,False,True
CMP-1388,HB,Horizon Bancorp,Financial Services,2022,2022-12-31,USD,47818687593.79,23700000000.0,21508383987.19,25.36,0.4956,49.56,0.4498,44.98,False,False,False,False,False
CMP-1438,HB,Horizon Bancorp,Financial Services,2022,2022-06-30,USD,76464075071.32,16650983717.52,13357073947.4,2.69,0.2178,21.78,0.1747,17.47,False,False,False,False,False
CMP-1115,HB,Horizon Bancorp,Financial Services,2022,2022-03-31,USD,19765247639.58,6250000000.0,4955173014.31,,0.3162,31.62,0.2507,25.07,False,False,False,False,True
CMP-1460,HB,Horizon Bancorp,Financial Services,2023,2023-03-31,USD,32987858879.54,2982102442.71,770880000.0,0.62,0.0904,9.04,0.0234,2.34,False,False,False,False,False
CMP-1288,HB,Horizon Bancorp,Financial Services,2023,2023-12-31,CAD,104265737757.67,36576420805.39,,14.21,0.3508,35.08,0.2885,28.85,False,False,False,False,True
CMP-1596,HB,Horizon Bancorp,Financial Services,2023,2023-03-31,USD,6311182051.99,1665520943.52,1446085401.18,5.83,0.2639,26.39,0.2291,22.91,False,False,False,False,False
CMP-1511,HB,Horizon Bancorp,Financial Services,2024,2024-12-31,USD,53812548593.63,18570000000.0,16252480203.36,16.28,0.345,34.5,0.302,30.2,False,False,False,False,False
CMP-1810,HB,Horizon Bancorp,Financial Services,2024,2024-12-31,USD,100532839448.49,33407856798.4,27880000000.0,,0.332,33.2,0.2773,27.73,False,False,False,False,True
CMP-1315,MAG,Meridian Asset,Financial Services,2024,2024-06-30,USD,104848761598.37,50345618872.13,43530000000.0,14.11,0.4802,48.02,0.415,41.5,False,False,False,False,False
CMP-1238,MAG,Meridian Asset Group,Financial Services,2021,2021-03-31,USD,113328698746.88,44530000000.0,37475474471.09,9.71,0.3929,39.29,0.3307,33.07,False,False,False,False,False
CMP-1349,MAG,Meridian Asset Group,Financial Services,2021,2021-12-31,USD,55780000000.0,11713203435.53,9538371652.48,9.21,0.21,21.0,0.171,17.1,False,False,False,False,False
CMP-1213,MAG,Meridian Asset Group,Financial Services,2021,2021-06-30,USD,52504345537.5,7282224902.43,5459101392.28,6.0,0.1387,13.87,0.104,10.4,False,False,False,False,False
CMP-1950,MAG,Meridian Asset Group,Financial Services,2021,2021-06-30,USD,35500000000.0,12295196222.47,11136350000.0,16.9,0.3463,34.63,0.3137,31.37,False,False,False,False,False
CMP-1484,MAG,Meridian Asset Group,Financial Services,2022,2022-12-31,USD,118203261840.06,32375360114.77,24637655174.79,,0.274,27.4,0.208435,20.84,False,False,False,False,True
CMP-1768,MAG,Meridian Asset Group,Financial Services,2022,2022-12-31,EUR,45243630737.44,11333529499.73,8173847973.05,7.26,0.2505,25.05,0.180663,18.07,False,False,False,False,False
CMP-1095,MAG,Meridian Asset Group,Financial Services,2022,2022-09-30,USD,68940515208.36,15080000000.0,11519868476.31,5.88,0.2187,21.87,0.1671,16.71,False,False,False,False,False
CMP-1381,MAG,Meridian Asset Group,Financial Services,2023,2023-12-31,USD,54209401070.1,18593824567.04,15456899565.91,8.737,0.343,34.3,0.2851,28.51,False,False,False,False,False
CMP-1508,MAG,Meridian Asset Group,Financial Services,2023,2023-09-30,CAD,36842633827.89,14107044492.7,,17.13,0.3829,38.29,0.316,31.6,False,False,False,False,True
CMP-1636,MAG,Meridian Asset Group,Financial Services,2023,2023-06-30,USD,89770000000.0,18900000000.0,12801624549.51,8.19,0.2105,21.05,0.143,14.3,False,False,False,False,False
CMP-1368,MAG,Meridian Asset Group,Financial Services,2023,2023-06-30,USD,88499892471.87,21647073698.62,19453442920.2,3.531,0.2446,24.46,0.2198,21.98,False,False,False,False,False
CMP-1411,MAG,Meridian Asset Group,Financial Services,2023,2023-12-31,USD,47518810544.83,9204843421.53,7162849013.47,,0.1937,19.37,0.1507,15.07,False,False,True,False,True
CMP-1272,MAG,Meridian Asset Group,Financial Services,2023,2023-03-31,USD,74150000000.0,20943634274.17,18500425000.0,10.86,0.2825,28.25,0.2495,24.95,False,False,False,False,False
CMP-1840,MAG,Meridian Asset Group,Financial Services,2023,2023-09-30,USD,58908048107.41,9229307535.19,6423333800.17,3.46,0.1567,15.67,0.10904,10.9,False,False,False,False,False
CMP-1862,MAG,Meridian Asset Group,Financial Services,2024,2024-12-31,CAD,81383957647.7,28830000000.0,25629421460.87,5.66,0.3543,35.43,0.3149,31.49,False,False,False,False,False
CMP-1763,MAG,Meridian Asset Group,Financial Services,2024,2024-06-30,USD,95060017335.66,29829833439.93,,6.31,0.3138,31.38,0.2713,27.13,False,False,False,False,True
CMP-1286,MAG,Meridian Asset Group,Financial Services,2024,2024-09-30,USD,25808633071.8,7417933354.47,6430000000.0,13.4198,0.2874,28.74,0.249141,24.91,False,False,False,False,False
CMP-1225,MAG,Meridian Asset Group,Financial Services,2024,2024-12-31,USD,112438519797.17,11765862223.52,5398625714.83,1.185,0.1046,10.46,0.048,4.8,False,False,False,False,False
CMP-1921,MAG,Meridian Asset Group,Financial Services,2024,2024-09-30,USD,19480000000.0,3450556571.93,2894492936.13,5.02,0.1771,17.71,0.1486,14.86,False,False,False,False,False
CMP-1113,PFH,Pinnacle Financial Holdings,Financial Services,2021,2021-12-31,USD,22818102818.93,8620000000.0,7631423041.99,,0.378,37.8,0.3344,33.44,False,False,True,False,True
CMP-1912,PFH,Pinnacle Financial Holdings,Financial Services,2021,2021-06-30,USD,87860126745.96,21980000000.0,16561092713.68,7.41,0.2501,25.01,0.1885,18.85,False,False,False,False,False
CMP-1701,PFH,Pinnacle Financial Holdings,Financial Services,2021,2021-09-30,USD,42549132863.25,9190612698.46,7018859208.43,4.95,0.216,21.6,0.165,16.5,False,False,False,False,False
CMP-1415,PFH,Pinnacle Financial Holdings,Financial Services,2021,2021-09-30,USD,73796657833.93,29621978454.54,27900000000.0,14.49,0.4014,40.14,0.3781,37.81,False,False,False,False,False
CMP-1442,PFH,Pinnacle Financial Holdings,Financial Services,2021,2021-12-31,USD,42839532871.68,13185935668.05,12320000000.0,14.16,0.3078,30.78,0.287585,28.76,False,False,False,False,False
CMP-1687,PFH,Pinnacle Financial Holdings,Financial Services,2021,2021-12-31,USD,12581437922.56,4516736214.2,3942325638.82,11.89,0.359,35.9,0.3136,31.36,False,False,False,False,False
CMP-1857,PFH,Pinnacle Financial Holdings,Financial Services,2022,2022-12-31,USD,4480000000.0,1651255295.06,1438247166.13,11.15,0.3687,36.87,0.3211,32.11,False,False,False,False,False
CMP-1782,PFH,Pinnacle Financial Holdings,Financial Services,2022,2022-12-31,USD,22794069583.59,6888974452.32,5996815976.99,13.68,0.3022,30.22,0.2631,26.31,False,False,False,False,False
CMP-1618,PFH,Pinnacle Financial Holdings,Financial Services,2022,2022-12-31,USD,92177845133.59,37193760511.4,31432164219.36,8.37,0.4035,40.35,0.341,34.1,False,False,False,False,False
CMP-1373,PFH,Pinnacle Financial Holdings,Financial Services,2022,2022-09-30,USD,12760000000.0,4982318239.83,4264881855.13,13.71,0.3904,39.04,0.3342,33.42,False,False,False,False,False
CMP-1261,PFH,Pinnacle Financial Holdings,Financial Services,2022,2022-03-31,USD,49191849604.56,19100000000.0,17200000000.0,9.33,0.3884,38.84,0.3497,34.97,False,False,False,False,False
CMP-1328,PFH,Pinnacle Financial Holdings,Financial Services,2022,2022-12-31,USD,32589028498.58,9280000000.0,37477382773.37,19.29,0.2848,28.48,1.15,115.0,False,False,False,True,False
CMP-1246,PFH,Pinnacle Financial Holdings,Financial Services,2023,2023-12-31,USD,57741111750.38,21478697595.56,17482771682.21,15.009,0.372,37.2,0.3028,30.28,False,False,False,False,False
CMP-1072,PFH,Pinnacle Financial Holdings,Financial Services,2023,2023-03-31,USD,65014024056.73,27068169516.74,22595685507.1,13.29,0.4163,41.63,0.3476,34.76,False,False,False,False,False
CMP-1428,PFH,Pinnacle Financial Holdings,Financial Services,2023,2023-12-31,USD,44850000000.0,4764111315.57,2492675704.01,3.19,0.1062,10.62,0.055578,5.56,False,False,False,False,False
CMP-1386,PFH,Pinnacle Financial Holdings,Financial Services,2023,2023-06-30,CAD,4628397548.81,800437692.58,624530000.0,2.5562,0.1729,17.29,0.1349,13.49,False,False,False,False,False
CMP-1773,PFH,Pinnacle Financial Holdings,Financial Services,2023,2023-12-31,USD,92805305922.85,45568663481.81,41170000000.0,7.98,0.491,49.1,0.4436,44.36,False,False,False,False,False
CMP-1561,PFH,Pinnacle Financial Holdings,Financial Services,2023,2023-06-30,USD,3596145368.38,840744257.42,677940000.0,11.01,0.2338,23.38,0.1885,18.85,False,False,False,False,False
CMP-1268,PFH,Pinnacle Financial Holdings,Financial Services,2023,2023-09-30,CAD,74350000000.0,15992685000.0,11230000000.0,8.19,0.2151,21.51,0.151,15.1,False,False,False,False,False
CMP-1667,PFH,Pinnacle Financial Holdings,Financial Services,2024,2024-06-30,USD,21274046121.07,6026034347.52,4680290146.64,6.1,0.283258,28.33,0.22,22.0,False,False,False,False,False
CMP-1552,PFH,Pinnacle Financial Holdings,Financial Services,2024,2024-09-30,USD,80854104700.61,15007728940.36,10201012409.98,4.427,0.1856,18.56,0.1262,12.62,False,False,False,False,False
CMP-1535,SWP,Sterling Wealth Partners,Financial Services,2021,2021-12-31,USD,35430612138.01,7874346924.53,5520000000.0,5.12,0.2222,22.22,0.1557,15.57,False,False,False,False,False
CMP-1601,SWP,Sterling Wealth Partners,Financial Services,2021,2021-03-31,USD,54087164122.15,16956526752.31,14290395221.54,11.39,0.3135,31.35,0.2642,26.42,False,False,False,False,False
CMP-1703,SWP,Sterling Wealth Partners,Financial Services,2022,2022-06-30,USD,52102195488.03,13798977542.23,10970000000.0,6.31,0.264844,26.48,0.2106,21.06,False,False,False,False,False
CMP-1684,SWP,Sterling Wealth Partners,Financial Services,2022,2022-03-31,EUR,,15631032476.96,12278099028.31,8.11,,,0.1729,17.29,False,False,False,False,True
CMP-1716,SWP,Sterling Wealth Partners,Financial Services,2022,2022-12-31,USD,113624027352.13,29371811070.53,23762155449.84,9.74,0.2585,25.85,0.2091,20.91,False,False,False,False,False
CMP-1199,SWP,Sterling Wealth Partners,Financial Services,2022,2022-12-31,USD,107797098446.05,31792453402.83,28530838532.89,6.241,0.2949,29.49,0.2647,26.47,False,False,False,False,False
CMP-1678,SWP,Sterling Wealth Partners,Financial Services,2022,2022-06-30,USD,62844468675.94,13000000000.0,10787349451.49,4.35,0.2068,20.68,0.1717,17.17,False,False,False,False,False
CMP-1817,SWP,Sterling Wealth Partners,Financial Services,2023,2023-12-31,USD,96376045388.65,29027295623.88,22294282460.89,3.78,0.3012,30.12,0.2313,23.13,False,False,False,False,False
CMP-1873,SWP,Sterling Wealth Partners,Financial Services,2023,2023-12-31,USD,60331699853.91,18693124691.69,,10.04,0.309839,30.98,,,False,False,False,False,True
CMP-1928,SWP,Sterling Wealth Partners,Financial Services,2023,2023-12-31,USD,70725760851.68,22238896618.41,18899938178.38,7.32,0.3144,31.44,0.267,26.7,False,False,False,False,False
CMP-1001,SWP,Sterling Wealth Partners,Financial Services,2023,2023-12-31,USD,103981284649.26,32430745585.94,27225884335.8,12.27,0.3119,31.19,0.261834,26.18,False,False,False,False,False
CMP-1529,,Sterling Wealth Partners,Financial Services,2024,2024-06-30,USD,46326005919.08,16598006811.15,14541903317.39,13.92,0.3583,35.83,0.313904,31.39,False,False,False,False,False
CMP-1562,SWP,Sterling Wealth Partners,Financial Services,2024,2024-03-31,USD,46289543544.4,7877806900.09,6897968135.21,7.31,0.17,17.0,0.149,14.9,False,False,False,False,False
CMP-1594,VTC,Vanguardian Trust Co,Financial Services,2021,2021-12-31,USD,8956282088.38,2534798705.42,2221523327.86,4.58,0.283,28.3,0.248,24.8,False,False,False,False,False
CMP-1663,VTC,Vanguardian Trust Co,Financial Services,2021,2021-06-30,USD,114126152761.96,13657927878.04,8080131615.55,,0.1197,11.97,0.0708,7.08,False,False,False,False,True
CMP-1566,VTC,Vanguardian Trust Co,Financial Services,2021,2021-12-31,USD,115347917603.29,14540000000.0,10267578713.95,3.5,0.126,12.6,0.089,8.9,False,False,False,False,False
CMP-1825,VTC,Vanguardian Trust Co,Financial Services,2021,2021-03-31,USD,36136189832.53,8445693603.2,7303123965.15,,0.234,23.4,0.2021,20.21,False,False,False,False,True
CMP-1198,VTC,Vanguardian Trust Co,Financial Services,2021,2021-12-31,EUR,60414703110.27,12820000000.0,9348591333.79,3.78,0.2122,21.22,0.1547,15.47,False,False,False,False,False
CMP-1177,VTC,Vanguardian Trust Co,Financial Services,2022,2022-12-31,USD,89350371220.95,28626255624.33,26689441425.33,12.14,0.3204,32.04,0.299,29.9,False,False,False,False,False
CMP-1344,VTC,Vanguardian Trust Co,Financial Services,2022,2022-09-30,USD,96999159250.37,34157926788.57,30105382837.54,16.08,0.352147,35.21,0.3104,31.04,False,False,False,False,False
CMP-1406,VTC,Vanguardian Trust Co,Financial Services,2022,2022-12-31,USD,50113633582.12,12069543880.19,10416262011.4,10.23,0.2408,24.08,0.207853,20.79,False,False,False,False,False
CMP-1726,VTC,Vanguardian Trust Co,Financial Services,2022,2022-09-30,USD,7784397600.42,3506882131.74,3115042130.63,18.1192,0.4505,45.05,0.4002,40.02,False,False,False,False,False
CMP-1813,VTC,Vanguardian Trust Co,Financial Services,2022,2022-09-30,USD,110580509211.89,27501372641.0,22070342087.96,8.32,0.2487,24.87,0.199586,19.96,False,False,False,False,False
CMP-1161,VTC,Vanguardian Trust Co,Financial Services,2022,2022-06-30,USD,29316444970.09,5270959828.55,4520000000.0,6.5,0.1798,17.98,0.1541,15.41,False,False,False,False,False
CMP-1497,VTC,Vanguardian Trust Co,Financial Services,2023,2023-12-31,USD,63429734768.08,16141269436.41,12590000000.0,10.9301,0.2545,25.45,0.1985,19.85,False,False,False,False,False
CMP-1129,VTC,Vanguardian Trust Co,Financial Services,2023,2023-03-31,USD,70913147116.5,17428262907.62,14619236981.5,7.15,0.2458,24.58,0.2062,20.62,False,False,False,False,False
CMP-1189,VTC,Vanguardian Trust Co,Financial Services,2023,2023-03-31,EUR,100718161609.02,36067173672.19,33425074694.02,18.7,0.3581,35.81,0.3319,33.19,False,False,False,False,False
CMP-1744,VTC,Vanguardian Trust Co,Financial Services,2023,2023-06-30,EUR,66538531413.05,9310909759.91,5122918796.32,3.5,0.1399,13.99,0.077,7.7,False,False,False,False,False
CMP-1788,VTC,Vanguardian Trust Co,Financial Services,2023,2023-03-31,USD,10879678154.05,2013366772.49,1560000000.0,2.35,0.1851,18.51,0.1434,14.34,False,False,False,False,False
CMP-1046,VTC,Vanguardian Trust Co,Financial Services,2024,2024-03-31,USD,108080041442.45,14700000000.0,10649707575.77,4.7,0.136,13.6,0.099,9.9,False,False,False,False,False
CMP-1048,VTC,Vanguardian Trust Co,Financial Services,2024,2024-12-31,USD,77158537791.64,23348173535.75,21769671601.92,5.521,0.3026,30.26,0.2822,28.22,False,False,False,False,False
CMP-1361,VTC,Vanguardian Trust Co,Financial Services,2024,2024-03-31,USD,58180413912.37,10837684314.32,7329427028.26,5.01,0.1863,18.63,0.126,12.6,False,False,False,False,False
CMP-1274,VTC,Vanguardian Trust Co,Financial Services,2024,2024-12-31,USD,91395039929.49,30507868640.22,27117696828.34,12.9,0.3338,33.38,0.2967,29.67,False,False,False,False,False
CMP-1871,VTC,Vanguardian Trust Co,Financial Services,2024,2024-12-31,USD,22530000000.0,3490000000.0,,6.6,0.1549,15.49,,,False,False,False,False,True
CMP-1887,VTC,Vanguardian Trust Co,Financial Services,2024,2024-09-30,USD,117670000000.0,22216217726.13,18599531017.36,2.85,0.1888,18.88,0.1581,15.81,False,False,False,False,False
CMP-1013,VTC,Vanguardian Trust Co,Financial Services,2024,2024-12-31,USD,23759148631.57,8747550775.03,8218639708.43,10.25,0.368,36.8,0.3459,34.59,False,False,False,False,False
CMP-1748,GRB,,Financial Services,2023,2023-09-30,USD,20084553470.11,5848832751.51,5285096691.81,4.94,0.2912,29.12,0.263,26.3,False,False,False,False,False
CMP-1706,BCC,,Financial Services,2023,2023-03-31,USD,90187493864.09,22598597150.02,19550000000.0,,0.251,25.1,0.216771,21.68,False,False,False,False,True
CMP-1276,AB,Aegis Biolabs,Healthcare,2021,2021-12-31,USD,44740000000.0,5376576339.57,,1.17,0.1202,12.02,,,False,False,False,False,True
CMP-1394,AB,Aegis Biolabs,Healthcare,2021,2021-03-31,USD,8683501754.4,4730000000.0,4219999999.9999995,11.12,0.5444,54.44,0.485979,48.6,False,False,False,False,False
CMP-1498,AB,Aegis Biolabs,Healthcare,2021,2021-06-30,USD,5235075475.03,110672153.24,-218660438.47,-2.17,0.0211,2.11,-0.0418,-4.18,False,True,False,False,False
CMP-1452,AB,Aegis Biolabs,Healthcare,2022,2022-06-30,USD,32426758892.54,10653627727.03,8857702596.99,13.79,0.3285,32.85,0.2732,27.32,False,False,False,False,False
CMP-1275,AB,Aegis Biolabs,Healthcare,2022,2022-09-30,USD,60587264609.71,9552954448.83,8029999999.999999,7.58,0.1577,15.77,0.1325,13.25,False,False,False,False,False
CMP-1202,AB,Aegis Biolabs,Healthcare,2022,2022-12-31,USD,26097537912.03,-1000000000.0,-1761608470.42,-3.63,-0.0384,-3.84,-0.0675,-6.75,True,True,False,False,False
CMP-1118,AB,Aegis Biolabs,Healthcare,2022,2022-06-30,USD,24520001777.72,4837217774.52,3880000000.0,9.28,0.197276,19.73,0.1582,15.82,False,False,False,False,False
CMP-1440,AB,Aegis Biolabs,Healthcare,2022,2022-03-31,USD,6520000000.0,2321139844.03,2124265234.36,13.03,0.3561,35.61,0.3259,32.59,False,False,False,False,False
CMP-1570,AB,Aegis Biolabs,Healthcare,2023,2023-09-30,USD,17624480173.13,2816012961.26,2157494493.35,5.03,0.16,16.0,0.1224,12.24,False,False,False,False,False
CMP-1262,AB,Aegis Biolabs,Healthcare,2023,2023-12-31,USD,47044433780.66,727052544.65,-731760000.0,-0.71,0.015,1.5,-0.016,-1.6,False,True,False,False,False
CMP-1356,AB,Aegis Biolabs,Healthcare,2023,2023-06-30,USD,31622794606.38,338628945.52,-779695318.88,,0.0107,1.07,-0.0247,-2.47,False,True,True,False,True
CMP-1514,AB,Aegis Biolabs,Healthcare,2024,2024-03-31,USD,18260000000.0,1467456607.94,270720000.0,0.7,0.0804,8.04,0.0148,1.48,False,False,False,False,False
CMP-1952,AB,Aegis Biolabs,Healthcare,2024,2024-12-31,USD,43830000000.0,3396619804.49,1037741348.69,0.99,0.0775,7.75,0.0237,2.37,False,False,False,False,False
CMP-1112,AB,Aegis Biolabs,Healthcare,2024,2024-12-31,USD,61780000000.0,8170554369.82,5016536000.0,,0.132,13.2,0.0812,8.12,False,False,False,False,True
CMP-1629,AB,Aegis Biolabs,Healthcare,2024,2024-06-30,USD,50258062603.4,9278176170.68,6960000000.0,8.16,0.1846,18.46,0.1385,13.85,False,False,False,False,False
CMP-1614,AS,Alphabio Sciences,Healthcare,2021,2021-12-31,USD,62795804032.95,-1184449603.74,-2771189434.88,-2.21,-0.019,-1.9,-0.0441,-4.41,True,True,False,False,False
CMP-1416,AS,Alphabio Sciences,Healthcare,2021,2021-12-31,USD,9828971533.04,1613754668.39,1082878263.84,1.86,0.1642,16.42,0.11,11.0,False,False,False,False,False
CMP-1942,AS,Alphabio Sciences,Healthcare,2022,2022-03-31,USD,25850000000.0,5870777624.64,4890000000.0,8.55,0.227109,22.71,0.1891,18.91,False,False,False,False,False
CMP-1743,AS,Alphabio Sciences,Healthcare,2022,2022-12-31,USD,56970000000.0,-3880000000.0,-5313540323.29,-3.05,-0.0681,-6.81,-0.0933,-9.33,True,True,False,False,False
CMP-1077,AS,Alphabio Sciences,Healthcare,2022,2022-06-30,USD,16162695838.42,6694849770.47,6083921947.11,18.48,0.4142,41.42,0.376,37.6,False,False,False,False,False
CMP-1343,,Alphabio Sciences,Healthcare,2022,2022-06-30,USD,26316789681.59,9990617809.83,9033958869.61,15.46,0.3796,37.96,0.343277,34.33,False,False,False,False,False
CMP-1717,AS,Alphabio Sciences,Healthcare,2022,2022-09-30,USD,44232863603.22,8593868242.93,6806525067.28,2.41,0.1943,19.43,0.1539,15.39,False,False,False,False,False
CMP-1576,AS,Alphabio Sciences,Healthcare,2023,2023-12-31,USD,8561950161.02,788710000.0,277470336.95,0.89,0.0921,9.21,0.0324,3.24,False,False,False,False,False
CMP-1052,AS,Alphabio Sciences,Healthcare,2023,2023-12-31,USD,42254167806.15,9207935248.96,7162181538.29,3.26,0.2179,21.79,0.1695,16.95,False,False,False,False,False
CMP-1355,AS,Alphabio Sciences,Healthcare,2023,2023-06-30,USD,60740000000.0,12922197338.86,10639384439.44,3.43,0.2127,21.27,0.175163,17.52,False,False,False,False,False
CMP-1872,AS,Alphabio Sciences,Healthcare,2023,2023-12-31,USD,4092605267.94,-102315131.7,-383346001.08,-3.2879,-0.025,-2.5,-0.0937,-9.37,True,True,False,False,False
CMP-1178,AS,Alphabio Sciences,Healthcare,2024,2024-03-31,USD,49578817878.29,4680028339.09,1652603664.55,0.67,0.094,9.4,0.0333,3.33,False,False,False,False,False
CMP-1488,AS,Alphabio Sciences,Healthcare,2024,2024-03-31,USD,37577361313.0,12780000000.0,11284661745.16,16.87,0.34,34.0,0.3003,30.03,False,False,False,False,False
CMP-1398,AS,Alphabio Sciences,Healthcare,2024,2024-06-30,USD,41682444349.69,9854481540.02,7665734110.53,,0.2364,23.64,0.1839,18.39,False,False,False,False,True
CMP-1637,BL,Biogenix Laboratories,Healthcare,2021,2021-12-31,USD,51050000000.0,7320000000.0,3770195932.69,2.92,0.1434,14.34,0.0738,7.38,False,False,False,False,False
CMP-1692,BL,Biogenix Laboratories,Healthcare,2021,2021-03-31,USD,47280000000.0,11886192000.0,9766497329.49,6.64,0.2514,25.14,0.206567,20.66,False,False,False,False,False
CMP-1218,BL,Biogenix Laboratories,Healthcare,2021,2021-09-30,USD,1273922721.46,-141067676.83,-201845128.72,-7.0213,-0.1107,-11.07,-0.158444,-15.84,True,True,False,False,False
CMP-1907,BL,Biogenix Laboratories,Healthcare,2021,2021-12-31,USD,27293352303.57,2567256430.55,1791847302.7,3.58,0.0941,9.41,0.0657,6.57,False,False,False,False,False
CMP-1888,BL,Biogenix Laboratories,Healthcare,2021,2021-06-30,EUR,38697491877.26,8425787240.4,7452032560.75,4.38,0.2177,21.77,0.1926,19.26,False,False,False,False,False
CMP-1830,BL,Biogenix Laboratories,Healthcare,2021,2021-06-30,USD,9433594787.98,-737901704.51,-1160000000.0,-2.29,-0.078,-7.8,-0.122965,-12.3,True,True,False,False,False
CMP-1232,BL,Biogenix Laboratories,Healthcare,2022,2022-03-31,USD,61769409010.05,-3773842951.0,-6682876194.28,-5.87,-0.061,-6.1,-0.1082,-10.82,True,True,False,False,False
CMP-1669,BL,Biogenix Laboratories,Healthcare,2022,2022-12-31,USD,49339754393.93,23058529510.43,21370000000.0,13.3809,0.4673,46.73,0.4332,43.32,False,False,False,False,False
CMP-1370,BL,Biogenix Laboratories,Healthcare,2022,2022-09-30,USD,15138005479.85,5810000000.0,5126949287.33,20.1347,0.3835,38.35,0.3387,33.87,False,False,False,False,False
CMP-1874,BL,Biogenix Laboratories,Healthcare,2022,2022-06-30,USD,43045302178.76,12138775214.41,10033794526.93,,0.282,28.2,0.2331,23.31,False,False,False,False,True
CMP-1042,BL,Biogenix Laboratories,Healthcare,2022,2022-12-31,USD,44940000000.0,11200000000.0,,6.75,0.2493,24.93,,,False,False,False,False,True
CMP-1210,BL,Biogenix Laboratories,Healthcare,2023,2023-03-31,USD,924080000.0,-108117360.0,-167997015.85,-9.41,-0.117,-11.7,-0.1818,-18.18,True,True,False,False,False
CMP-1347,BL,Biogenix Laboratories,Healthcare,2023,2023-03-31,USD,29209189980.65,-3300595077.39,-4231702459.38,-4.61,-0.113,-11.3,-0.145,-14.5,True,True,False,False,False
CMP-1892,BL,Biogenix Laboratories,Healthcare,2023,2023-09-30,USD,14785783962.26,-1133025465.4,,-3.91,-0.0766,-7.66,,,True,False,False,False,True
CMP-1526,BL,Biogenix Laboratories,Healthcare,2024,2024-12-31,USD,20656172479.4,7970162842.23,6935367682.12,18.5213,0.3858,38.58,0.336,33.6,False,False,False,False,False
CMP-1635,BL,Biogenix Laboratories,Healthcare,2024,2024-12-31,USD,14897039798.01,2890000.0,-478736677.59,-1.18,0.02,2.0,-0.032136,-3.21,False,True,False,False,False
CMP-1911,BL,Biogenix Laboratories,Healthcare,2024,2024-06-30,USD,34571607671.34,13092725841.1,11228858171.65,11.1,0.379,37.9,0.3248,32.48,False,False,False,False,False
CMP-1506,BL,Biogenix Laboratories,Healthcare,2024,2024-12-31,USD,44636361608.86,3823966785.47,1063116035.9,0.657,0.0857,8.57,0.024,2.4,False,False,False,False,False
CMP-1453,BL,Biogenix Laboratories,Healthcare,2024,2024-03-31,USD,33661107144.19,1550000000.0,138264936.81,0.09,0.0461,4.61,0.0041,0.41,False,False,False,False,False
CMP-1930,CP,Curative Pharmaceuticals,Healthcare,2021,2021-09-30,USD,24406950325.34,1199968481.28,191813480.41,0.41,0.0492,4.92,0.008,0.8,False,False,False,False,False
CMP-1338,CP,Curative Pharmaceuticals,Healthcare,2021,2021-12-31,USD,56489311592.36,4415920177.07,656700000.0,0.54,0.0782,7.82,0.0116,1.16,False,False,False,False,False
CMP-1434,CP,Curative Pharmaceuticals,Healthcare,2021,2021-12-31,USD,64004759489.93,8634275337.3,5030000000.0,4.07,0.135,13.5,0.0786,7.86,False,False,False,False,False
CMP-1063,CP,Curative Pharmaceuticals,Healthcare,2022,2022-09-30,USD,45685266732.44,7228219540.26,5493341749.04,3.39,0.1582,15.82,0.1202,12.02,False,False,False,False,False
CMP-1525,CP,Curative Pharmaceuticals,Healthcare,2022,2022-06-30,USD,37199461094.98,9400634358.0,7690000000.0,7.11,0.2527,25.27,0.2068,20.68,False,False,False,False,False
CMP-1468,CP,Curative Pharmaceuticals,Healthcare,2022,2022-12-31,USD,29289353051.98,1927239430.82,1249981981.12,2.38,0.0658,6.58,0.0427,4.27,False,False,False,False,False
CMP-1841,CP,Curative Pharmaceuticals,Healthcare,2022,2022-12-31,USD,43035438495.13,11004839135.03,9840249509.38,9.3,0.2557,25.57,0.2287,22.87,False,False,False,False,False
CMP-1807,CP,Curative Pharmaceuticals,Healthcare,2022,2022-12-31,USD,44932187757.68,5590000000.0,3122061376.9,3.07,0.1243,12.43,0.0695,6.95,False,False,False,False,False
CMP-1401,CP,Curative Pharmaceuticals,Healthcare,2023,2023-12-31,USD,6639894050.81,559417813.22,196826033.46,0.53,0.084,8.4,0.0296,2.96,False,False,False,False,False
CMP-1604,CP,Curative Pharmaceuticals,Healthcare,2024,2024-03-31,EUR,9355507410.15,297425997.44,-122026036.21,-0.36,0.0318,3.18,-0.013,-1.3,False,True,False,False,False
CMP-1324,CP,Curative Pharmaceuticals,Healthcare,2024,2024-09-30,USD,28050000000.0,7120688684.02,5570000000.0,4.47,0.2538,25.38,0.1985,19.85,False,False,False,False,False
CMP-1772,CP,Curative Pharmaceuticals,Healthcare,2024,2024-03-31,USD,14210967580.77,1656534620.99,1368539787.86,4.931,0.1166,11.66,0.0963,9.63,False,False,False,False,False
CMP-1879,GT,Genepure Therapeutics,Healthcare,2021,2021-12-31,USD,22289626746.46,6638637075.43,5710000000.0,13.43,0.2978,29.78,0.2563,25.63,False,False,False,False,False
CMP-1175,GT,Genepure Therapeutics,Healthcare,2022,2022-12-31,USD,51630000000.0,12443917808.44,9810696116.2,7.41,0.241,24.1,0.19,19.0,False,False,False,False,False
CMP-1073,GT,Genepure Therapeutics,Healthcare,2023,2023-06-30,USD,21046334223.35,5947747854.72,4690033449.01,6.06,0.2826,28.26,0.2228,22.28,False,False,False,False,False
CMP-1114,GT,Genepure Therapeutics,Healthcare,2023,2023-03-31,USD,37970954781.36,-5924723609.91,-8230000000.0,-9.93,-0.156033,-15.6,-0.2167,-21.67,True,True,False,False,False
CMP-1427,GT,Genepure Therapeutics,Healthcare,2023,2023-09-30,USD,22040326489.16,5398748609.44,3934198278.32,4.48,0.245,24.5,0.1785,17.85,False,False,False,False,False
CMP-1764,GT,Genepure Therapeutics,Healthcare,2023,2023-09-30,USD,55584913349.93,,6214118449.35,,,,0.1118,11.18,False,False,False,False,True
CMP-1193,GT,Genepure Therapeutics,Healthcare,2024,2024-06-30,USD,22604201867.1,-5002716293.04,-6288331684.86,-9.83,-0.2213,-22.13,-0.2782,-27.82,True,True,False,False,False
CMP-1891,GT,Genepure Therapeutics,Healthcare,2024,2024-12-31,USD,3505520540.25,778593249.97,587190000.0,5.96,0.222105,22.21,0.1675,16.75,False,False,False,False,False
CMP-1910,GT,Genepure Therapeutics,Healthcare,2024,2024-06-30,USD,59574021751.02,21998633969.41,19606109582.81,16.1,0.3693,36.93,0.3291,32.91,False,False,False,False,False
CMP-1648,NI,Novatherapeutics,Healthcare,2024,2024-09-30,USD,29004563187.12,6429089975.95,5498076663.9,11.04,0.2217,22.17,0.1896,18.96,False,False,False,False,False
CMP-1350,NI,Novatherapeutics Inc,Healthcare,2021,2021-09-30,USD,33778789491.04,2611806943.99,1359884227.49,,0.0773,7.73,0.040259,4.03,False,False,False,False,True
CMP-1005,NI,Novatherapeutics Inc,Healthcare,2021,2021-09-30,USD,51053623413.63,1593634058.93,62858086.66,0.05,0.0312,3.12,0.0012,0.12,False,False,False,False,False
CMP-1558,NI,Novatherapeutics Inc,Healthcare,2022,2022-09-30,USD,42006789317.72,-3193647941.21,-4179999999.9999995,-3.33,-0.076,-7.6,-0.1,-10.0,True,True,False,False,False
CMP-1481,NI,Novatherapeutics Inc,Healthcare,2022,2022-03-31,USD,16869664600.93,2371519068.67,1895198729.65,3.35,0.1406,14.06,0.1123,11.23,False,False,False,False,False
CMP-1680,NI,Novatherapeutics Inc,Healthcare,2023,2023-09-30,USD,14641132934.87,5047966462.81,4134048366.08,9.61,0.3448,34.48,0.2824,28.24,False,False,False,False,False
CMP-1792,NI,Novatherapeutics Inc,Healthcare,2024,2024-12-31,USD,58570381348.23,4390000000.0,1530000000.0,,0.075,7.5,0.0261,2.61,False,False,False,False,True
CMP-1450,NI,Novatherapeutics Inc,Healthcare,2024,2024-09-30,USD,37732547479.83,16897030785.6,15003823484.34,,0.4478,44.78,0.3976,39.76,False,False,False,False,True
CMP-1036,NI,Novatherapeutics Inc,Healthcare,2024,2024-12-31,USD,9486575096.16,1938784199.79,1634238922.33,7.794,0.2044,20.44,0.1723,17.23,False,False,False,False,False
CMP-1611,OMG,Omnicare Medical,Healthcare,2021,2021-03-31,USD,62670000000.0,18876204000.0,17342169615.15,12.7063,0.3012,30.12,0.2767,27.67,False,False,False,False,False
CMP-1905,OMG,Omnicare Medical,Healthcare,2021,2021-09-30,USD,43951354927.36,4562150641.46,2236610346.85,0.92,0.1038,10.38,0.0509,5.09,False,False,False,False,False
CMP-1827,OMG,Omnicare Medical Group,Healthcare,2021,2021-12-31,USD,52601814727.74,-1692241392.79,-3130695677.54,-1.81,-0.0322,-3.22,-0.0595,-5.95,True,True,False,False,False
CMP-1831,OMG,Omnicare Medical Group,Healthcare,2021,2021-03-31,USD,29916196994.31,8230000000.0,7170756322.08,12.47,0.275102,27.51,0.2397,23.97,False,False,False,False,False
CMP-1379,OMG,Omnicare Medical Group,Healthcare,2021,2021-03-31,USD,3984440881.64,1838607709.79,1650000000.0,24.01,0.461,46.1,0.4133,41.33,False,False,False,False,False
CMP-1959,OMG,Omnicare Medical Group,Healthcare,2023,2023-12-31,USD,1887978142.08,276400000.0,2171392595.22,39.32,0.1464,14.64,,,False,False,False,True,False
CMP-1137,OMG,Omnicare Medical Group,Healthcare,2024,2024-03-31,USD,11267006038.41,1166013787.38,832347589.81,1.24,0.1035,10.35,0.0739,7.39,False,False,False,False,False
CMP-1674,OMG,Omnicare Medical Group,Healthcare,2024,2024-12-31,USD,52722237479.03,3871353896.53,1001722512.1,0.93,0.0734,7.34,0.019,1.9,False,False,False,False,False
CMP-1084,OMG,Omnicare Medical Group,Healthcare,2024,2024-12-31,USD,29829777650.71,7752632794.09,6580169449.28,,0.2599,25.99,0.221,22.1,False,False,False,False,True
CMP-1449,OMG,Omnicare Medical Group,Healthcare,2024,2024-12-31,USD,31300000000.0,1825704598.14,194217076.03,0.11,0.0583,5.83,0.0062,0.62,False,False,False,False,False
CMP-1108,PHG,Pulse Health,Healthcare,2024,2024-06-30,USD,14600000000.0,2352038559.47,1335463867.06,1.7,0.1611,16.11,0.0915,9.15,False,False,False,False,False
CMP-1605,PHG,Pulse Health Group,Healthcare,2021,2021-06-30,USD,8768137325.94,2563685976.9,2112320813.33,,0.2924,29.24,0.2409,24.09,False,False,False,False,True
CMP-1603,PHG,Pulse Health Group,Healthcare,2021,2021-09-30,USD,52270000000.0,14382871267.8,11893367766.31,8.74,0.2751,27.51,0.2275,22.75,False,False,False,False,False
CMP-1353,PHG,Pulse Health Group,Healthcare,2021,2021-12-31,USD,1263659267.35,305900300.46,268260000.0,3.26,0.2421,24.21,0.2123,21.23,False,False,False,False,False
CMP-1778,PHG,Pulse Health Group,Healthcare,2021,2021-09-30,USD,38847322464.89,10700899549.88,8798918538.3,9.84,0.2755,27.55,0.2265,22.65,False,False,False,False,False
CMP-1542,PHG,Pulse Health Group,Healthcare,2022,2022-06-30,USD,16803860744.07,2910072881.73,1997127602.11,2.4,0.1732,17.32,0.1188,11.88,False,False,False,False,False
CMP-1433,PHG,Pulse Health Group,Healthcare,2022,2022-03-31,EUR,42678026502.26,5445423567.88,4213247551.55,3.9,0.1276,12.76,0.0987,9.87,False,False,False,False,False
CMP-1745,PHG,Pulse Health Group,Healthcare,2022,2022-06-30,EUR,54480000000.0,8296474600.99,4867788782.59,4.35,0.1523,15.23,0.0894,8.94,False,False,False,False,False
CMP-1334,PHG,Pulse Health Group,Healthcare,2024,2024-03-31,USD,20070811808.1,-3108278.97,-1083823837.64,-3.16,-0.02,-2.0,-0.054,-5.4,True,True,False,False,False
CMP-1078,PHG,Pulse Health Group,Healthcare,2024,2024-09-30,USD,1014425281.84,113633167.13,88382389.2,3.23,0.112,11.2,0.0871,8.71,False,False,False,False,False
CMP-1544,PHG,Pulse Health Group,Healthcare,2024,2024-12-31,USD,7940000000.0,3122581967.6,2935663917.56,6.88,0.393,39.3,0.3699,36.99,False,False,False,False,False
CMP-1890,PHG,Pulse Health Group,Healthcare,2024,2024-03-31,USD,53232615698.1,7422972092.36,5433353054.46,,0.139444,13.94,0.1021,10.21,False,False,False,False,True
CMP-1432,PHG,Pulse Health Group,Healthcare,2024,2024-12-31,USD,49097322014.21,16899152420.02,14128858911.69,14.37,0.344,34.4,0.2878,28.78,False,False,False,False,False
CMP-1586,SD,Sterimed Diagnostics,Healthcare,2021,2021-03-31,USD,44726914994.59,13521557290.3,12326375560.14,7.85,0.3023,30.23,0.2756,27.56,False,False,False,False,False
CMP-1742,SD,Sterimed Diagnostics,Healthcare,2021,2021-12-31,USD,20060000000.0,-667789544.83,-1576235936.49,-4.51,-0.0333,-3.33,-0.0786,-7.86,True,True,False,False,False
CMP-1761,SD,Sterimed Diagnostics,Healthcare,2021,2021-12-31,USD,727822180.67,220789403.33,179917643.06,9.666,0.3034,30.34,0.2472,24.72,False,False,False,False,False
CMP-1509,SD,Sterimed Diagnostics,Healthcare,2021,2021-12-31,USD,49812925292.67,-3022639115.85,-5982641052.04,-5.396,-0.0607,-6.07,-0.1201,-12.01,True,True,False,False,False
CMP-1371,SD,Sterimed Diagnostics,Healthcare,2022,2022-06-30,USD,8940000000.0,-1069224000.0,-1558791793.75,-5.79,-0.1196,-11.96,-0.174,-17.4,True,True,False,False,False
CMP-1598,SD,Sterimed Diagnostics,Healthcare,2022,2022-09-30,USD,26379266928.73,2780000000.0,1630000000.0,1.55,0.1055,10.55,0.062,6.2,False,False,False,False,False
CMP-1765,SD,Sterimed Diagnostics,Healthcare,2023,2023-12-31,USD,52245664852.31,16391643345.83,12991040865.39,6.01,0.3137,31.37,0.249,24.9,False,False,False,False,False
CMP-1457,,Sterimed Diagnostics,Healthcare,2023,2023-12-31,USD,26691025439.08,-594420535.63,-2249000252.89,-2.72,-0.0223,-2.23,-0.084,-8.4,True,True,False,False,False
CMP-1244,SD,Sterimed Diagnostics,Healthcare,2023,2023-03-31,USD,56865632590.66,15020711926.51,11612233574.44,12.23,0.2641,26.41,0.204,20.4,False,False,False,False,False
CMP-1044,SD,Sterimed Diagnostics,Healthcare,2023,2023-03-31,USD,16825570471.27,5334003614.08,4530413685.59,10.46,0.317,31.7,0.2693,26.93,False,False,False,False,False
CMP-1736,SD,Sterimed Diagnostics,Healthcare,2023,2023-12-31,USD,60277413712.93,11470791829.57,9030928185.66,6.67,0.1903,19.03,0.1498,14.98,False,False,False,False,False
CMP-1877,SD,Sterimed Diagnostics,Healthcare,2024,2024-09-30,USD,57507380783.87,-1667714042.73,-5380680968.12,-5.23,-0.029,-2.9,-0.0936,-9.36,True,True,False,False,False
CMP-1735,SD,Sterimed Diagnostics,Healthcare,2024,2024-12-31,USD,32710000000.0,-4375422002.25,-5120000000.0,-5.8086,-0.1338,-13.38,-0.1566,-15.66,True,True,False,False,False
CMP-1800,SD,Sterimed Diagnostics,Healthcare,2024,2024-06-30,USD,56199006386.69,23122053262.22,19214313920.73,16.8,0.411432,41.14,0.3419,34.19,False,False,False,False,False
CMP-1139,VHS,Vitas Health Systems,Healthcare,2021,2021-06-30,EUR,29971940915.02,1816299619.45,906988290.09,0.95,0.0606,6.06,0.0302,3.02,False,False,False,False,False
CMP-1293,VHS,Vitas Health Systems,Healthcare,2021,2021-12-31,USD,51860000000.0,7660071486.59,5820000000.0,3.98,0.1477,14.77,0.1122,11.22,False,False,False,False,False
CMP-1657,VHS,Vitas Health Systems,Healthcare,2021,2021-03-31,USD,23258345010.53,9302426768.12,7760172808.4,8.44,0.4,40.0,0.3337,33.37,False,False,False,False,False
CMP-1574,VHS,Vitas Health Systems,Healthcare,2021,2021-12-31,USD,30952448753.64,-2907159406.62,35595316066.69,64.31,-0.0939,-9.39,1.15,115.0,True,False,False,True,False
CMP-1938,VHS,Vitas Health Systems,Healthcare,2021,2021-06-30,EUR,2330951958.36,934355987.72,865192523.98,16.28,0.4008,40.08,0.3712,37.12,False,False,False,False,False
CMP-1662,VHS,Vitas Health Systems,Healthcare,2021,2021-12-31,USD,49480000000.0,-3219386944.79,-6075305954.75,-6.916,-0.0651,-6.51,-0.1228,-12.28,True,True,False,False,False
CMP-1832,VHS,Vitas Health Systems,Healthcare,2022,2022-03-31,USD,3780000000.0,-150170000.0,-362744278.47,-3.92,-0.04,-4.0,-0.096,-9.6,True,True,False,False,False
CMP-1419,VHS,Vitas Health Systems,Healthcare,2022,2022-12-31,USD,50370507244.28,18020000000.0,15349972923.5,7.11,0.3578,35.78,0.304741,30.47,False,False,False,False,False
CMP-1317,VHS,Vitas Health Systems,Healthcare,2022,2022-03-31,USD,41080889488.41,7340000000.0,5011868517.59,0.0,0.179,17.9,0.122,12.2,False,False,False,False,False
CMP-1504,VHS,Vitas Health Systems,Healthcare,2022,2022-03-31,USD,22956181533.9,3065024139.93,1480000000.0,2.81,0.1335,13.35,0.0646,6.46,False,False,False,False,False
CMP-1397,VHS,Vitas Health Systems,Healthcare,2022,2022-09-30,USD,32946652258.39,5225339048.18,3842716617.1,2.3,0.1586,15.86,,,False,False,False,False,False
CMP-1461,VHS,Vitas Health Systems,Healthcare,2022,2022-03-31,USD,27970000000.0,4958207743.0,3178083196.47,6.01,0.1772,17.72,0.1136,11.36,False,False,False,False,False
CMP-1914,VHS,Vitas Health Systems,Healthcare,2023,2023-06-30,USD,59485742755.02,15151018679.7,12524558371.78,8.03,0.2547,25.47,0.2105,21.05,False,False,False,False,False
CMP-1505,VHS,Vitas Health Systems,Healthcare,2023,2023-12-31,USD,8277107022.37,2864054303.33,2418672460.51,8.66,0.346,34.6,0.2922,29.22,False,False,False,False,False
CMP-1404,VHS,Vitas Health Systems,Healthcare,2023,2023-12-31,USD,29280019401.48,2020000000.0,824415526.14,1.47,0.0689,6.89,0.0282,2.82,False,False,False,False,False
CMP-1148,VHS,Vitas Health Systems,Healthcare,2023,2023-03-31,USD,1383022159.73,-27383838.76,,-1.15,-0.0198,-1.98,,,True,False,False,False,True
CMP-1030,,Vitas Health Systems,Healthcare,2024,2024-06-30,USD,531332314.08,-146025086.27,-162552385.4,-6.24,-0.2748,-27.48,-0.3059,-30.59,True,True,False,False,False
CMP-1126,VHS,Vitas Health Systems,Healthcare,2024,2024-06-30,USD,35909791973.24,11284751793.36,9842106664.38,5.76,0.3143,31.43,0.2741,27.41,False,False,False,False,False
CMP-1070,VHS,Vitas Health Systems,Healthcare,2024,2024-03-31,USD,8328768481.36,3328682462.35,3073315569.62,15.87,0.3997,39.97,0.369,36.9,False,False,False,False,False
CMP-1444,VHS,Vitas Health Systems,Healthcare,2024,2024-09-30,EUR,62278130329.35,-5105377433.62,-6814563510.36,-3.15,-0.082,-8.2,-0.1094,-10.94,True,True,False,False,False
CMP-1229,VHS,Vitas Health Systems,Healthcare,2024,2024-12-31,USD,28308990822.16,2729655838.45,1814706377.13,3.32,0.0964,9.64,0.0641,6.41,False,False,False,False,False
CMP-1057,VHS,,Healthcare,2021,2021-12-31,USD,11578025307.11,3550000000.0,2770621455.99,13.86,0.3063,30.63,0.2393,23.93,False,False,False,False,False
CMP-1702,AB,,Healthcare,2023,2023-06-30,USD,,1923359675.87,-896760070.97,-0.52,,,-0.0188,-1.88,False,True,False,False,True
CMP-1767,AS,,Healthcare,2024,2024-12-31,USD,4400000000.0,1322665432.91,1090000000.0,4.55,0.3005,30.05,0.2481,24.81,False,False,False,False,False
CMP-1326,SD,,Healthcare,2024,2024-03-31,USD,43174189933.21,14865801219.49,12263109610.47,11.74,0.3443,34.43,0.284,28.4,False,False,False,False,False
CMP-1426,AD,Aeroflux Dynamics,Industrials,2021,2021-09-30,EUR,28010000000.0,4542808064.14,3063400105.8,2.27,0.1622,16.22,0.1094,10.94,False,False,False,False,False
CMP-1021,,Aeroflux Dynamics,Industrials,2021,2021-12-31,USD,26993952219.63,2826097757.16,1245646151.84,1.72,0.1047,10.47,0.0461,4.61,False,False,False,False,False
CMP-1323,AD,Aeroflux Dynamics,Industrials,2022,2022-06-30,USD,25015657519.25,2273923268.5,,2.83,0.0909,9.09,0.0541,5.41,False,False,False,False,True
CMP-1926,AD,Aeroflux Dynamics,Industrials,2022,2022-09-30,USD,27600719587.38,2342925294.64,986001616.44,0.55,0.0849,8.49,0.0357,3.57,False,False,False,False,False
CMP-1647,AD,Aeroflux Dynamics,Industrials,2022,2022-03-31,USD,20843230185.79,1391607378.98,928991944.78,1.0,0.0668,6.68,0.0446,4.46,False,False,False,False,False
CMP-1710,AD,Aeroflux Dynamics,Industrials,2022,2022-12-31,USD,9950000000.0,-122617598.21,-464680000.0,,-0.0123,-1.23,-0.0467,-4.67,True,True,False,False,True
CMP-1642,AD,Aeroflux Dynamics,Industrials,2023,2023-09-30,USD,44049222169.16,4052528439.56,1193047936.33,1.2688,0.092,9.2,0.0271,2.71,False,False,False,False,False
CMP-1707,AD,Aeroflux Dynamics,Industrials,2023,2023-12-31,USD,47060055316.31,3437144561.83,2337109776.46,1.9,0.073037,7.3,0.0497,4.97,False,False,False,False,False
CMP-1192,AD,Aeroflux Dynamics,Industrials,2023,2023-12-31,USD,16090000000.0,2730000000.0,1670000000.0,3.17,0.1697,16.97,0.1037,10.37,False,False,False,False,False
CMP-1337,AD,Aeroflux Dynamics,Industrials,2023,2023-06-30,USD,32833915594.51,1503793334.23,30870000.0,0.04,0.0458,4.58,0.001,0.1,False,False,False,False,False
CMP-1956,AD,Aeroflux Dynamics,Industrials,2023,2023-06-30,USD,10592021000.85,1960583087.26,1724934250.23,7.82,0.1851,18.51,0.1629,16.29,False,False,False,False,False
CMP-1916,AD,Aeroflux Dynamics,Industrials,2023,2023-03-31,USD,2000219553.89,431116019.65,356439124.5,8.0565,0.2155,21.55,0.1782,17.82,False,False,False,False,False
CMP-1711,AD,Aeroflux Dynamics,Industrials,2023,2023-12-31,USD,46493567441.79,4695850311.62,2364440625.61,0.94,0.101,10.1,0.0509,5.09,False,False,False,False,False
CMP-1540,AD,Aeroflux Dynamics,Industrials,2024,2024-03-31,USD,29226501650.66,5099654470.43,3118467726.13,,0.1745,17.45,0.1067,10.67,False,False,False,False,True
CMP-1731,AD,Aeroflux Dynamics,Industrials,2024,2024-06-30,USD,17761334285.61,2906690591.5,1756336846.25,4.4,0.1637,16.37,0.0989,9.89,False,False,False,False,False
CMP-1228,AD,Aeroflux Dynamics,Industrials,2024,2024-03-31,USD,5223924360.04,640453126.54,406497655.03,3.58,0.1226,12.26,0.077815,7.78,False,False,False,False,False
CMP-1759,AD,Aeroflux Dynamics,Industrials,2024,2024-03-31,USD,987780000.0,120877327.54,61968251.62,,0.1224,12.24,0.0627,6.27,False,False,True,False,True
CMP-1083,AHM,Atlas Heavy Machinery,Industrials,2021,2021-06-30,USD,27673703636.7,3162073826.09,2069999999.9999998,3.29,0.114,11.4,0.0749,7.49,False,False,False,False,False
CMP-1080,AHM,Atlas Heavy Machinery,Industrials,2021,2021-03-31,USD,19200406682.95,4190000000.0000005,3757519587.85,6.2,0.218,21.8,0.1957,19.57,False,False,False,False,False
CMP-1479,AHM,Atlas Heavy Machinery,Industrials,2021,2021-06-30,USD,26240000000.0,6577201230.85,5970808060.76,8.66,0.2507,25.07,0.2276,22.76,False,False,False,False,False
CMP-1097,AHM,Atlas Heavy Machinery,Industrials,2022,2022-09-30,EUR,37926916677.0,994965901.01,63469253.94,0.06,0.0262,2.62,0.002,0.2,False,False,False,False,False
CMP-1475,AHM,Atlas Heavy Machinery,Industrials,2022,2022-12-31,USD,26990000000.0,1945308245.6,31040049168.41,23.19,0.0721,7.21,0.0115,1.15,False,False,False,True,False
CMP-1789,AHM,Atlas Heavy Machinery,Industrials,2022,2022-06-30,USD,12548520391.29,2640603323.43,2368503463.57,10.3,0.2104,21.04,0.1887,18.87,False,False,False,False,False
CMP-1147,AHM,Atlas Heavy Machinery,Industrials,2023,2023-12-31,USD,11729487714.03,1355503839.49,963009826.73,2.625,0.1156,11.56,0.082,8.2,False,False,False,False,False
CMP-1325,AHM,Atlas Heavy Machinery,Industrials,2023,2023-09-30,USD,8145608075.88,102310925.94,-75754155.11,-0.45,0.01256,1.26,-0.0093,-0.93,False,True,False,False,False
CMP-1037,AHM,Atlas Heavy Machinery,Industrials,2023,2023-09-30,USD,36586347181.94,4005597299.04,2839155871.01,3.71,0.1095,10.95,0.0776,7.76,False,False,False,False,False
CMP-1746,AHM,Atlas Heavy Machinery,Industrials,2024,2024-03-31,USD,21149403587.84,693454218.8,-441893793.42,,0.0328,3.28,-0.0209,-2.09,False,True,False,False,True
CMP-1263,AHM,Atlas Heavy Machinery,Industrials,2024,2024-12-31,USD,3765145552.4,411984239.87,176440000.0,1.75,0.1094,10.94,0.047,4.7,False,False,False,False,False
CMP-1472,AHM,Atlas Heavy Machinery,Industrials,2024,2024-12-31,USD,35111707803.28,1133126220.63,-561593470.98,-0.57,0.032,3.2,-0.016,-1.6,False,True,False,False,False
CMP-1517,AHM,Atlas Heavy Machinery,Industrials,2024,2024-12-31,USD,5510000000.0,402955957.78,98871206.55,0.71,0.073,7.3,0.0179,1.79,False,False,False,False,False
CMP-1393,AHM,Atlas Heavy Machinery,Industrials,2024,2024-03-31,USD,46832216417.17,3994267100.18,1556715619.65,1.73,0.0853,8.53,0.0332,3.32,False,False,False,False,False
CMP-1153,AHM,Atlas Heavy Machinery,Industrials,2024,2024-12-31,USD,47354350112.21,867747142.1,-1515339203.59,,0.0183,1.83,-0.032,-3.2,False,True,False,False,True
CMP-1103,CFC,Continental Freight Corp,Industrials,2021,2021-03-31,EUR,36191747510.2,2771682691.99,1366973145.9,0.71,0.076583,7.66,0.0378,3.78,False,False,False,False,False
CMP-1185,CFC,Continental Freight Corp,Industrials,2021,2021-12-31,EUR,41880000000.0,12355895682.77,9566620317.43,,0.2951,29.51,0.2284,22.84,False,False,False,False,True
CMP-1119,CFC,Continental Freight Corp,Industrials,2021,2021-12-31,USD,40361445783.13,1340000000.0,,,0.0332,3.32,-0.0287,-2.87,False,False,False,False,True
CMP-1088,CFC,Continental Freight Corp,Industrials,2021,2021-12-31,EUR,5766005976.5,1020583057.84,651538514.68,5.42,0.177,17.7,0.1128,11.28,False,False,False,False,False
CMP-1170,CFC,Continental Freight Corp,Industrials,2021,2021-03-31,USD,17300803579.83,1575856975.77,523450000.00000006,1.05,0.0911,9.11,0.0303,3.03,False,False,False,False,False
CMP-1150,CFC,Continental Freight Corp,Industrials,2022,2022-09-30,USD,37910000000.0,1850616103.92,74540000.0,0.08,0.048816,4.88,0.002,0.2,False,False,False,False,False
CMP-1111,CFC,Continental Freight Corp,Industrials,2023,2023-09-30,USD,43267445542.31,10392840419.26,9429074140.94,6.02,0.2402,24.02,0.2179,21.79,False,False,False,False,False
CMP-1122,CFC,Continental Freight Corp,Industrials,2024,2024-06-30,USD,36934228739.5,3253905551.95,2276571462.94,3.57,0.0881,8.81,0.0616,6.16,False,False,False,False,False
CMP-1333,CFC,Continental Freight Corp,Industrials,2024,2024-03-31,USD,32049460651.31,5961540813.38,5100000000.0,2.6,0.186,18.6,0.159,15.9,False,False,False,False,False
CMP-1480,CFC,Continental Freight Corp,Industrials,2024,2024-06-30,USD,38730605193.11,2510000000.0,208341428.73,,0.0647,6.47,0.0054,0.54,False,False,False,False,True
CMP-1850,CFC,Continental Freight Corporation,Industrials,2022,2022-06-30,USD,4610020077.19,774663569.03,673230000.0,4.11,0.168,16.8,0.146,14.6,False,False,False,False,False
CMP-1253,CFC,Continental Freight Corporation,Industrials,2022,2022-12-31,USD,11210000000.0,712295165.83,-40469878.17,-0.16,0.0635,6.35,-0.36,-36.0,False,True,False,False,False
CMP-1322,CFC,Continental Freight Corporation,Industrials,2024,2024-09-30,USD,37150000000.0,40389791.74,,26.03,0.0011,0.11,,,False,False,False,False,True
CMP-1000,FGHI,Foundry Global Heavy Industries,Industrials,2021,2021-06-30,USD,18035403726.71,580740000.0,,0.0769,0.0322,3.22,0.0044,0.44,False,False,False,False,True
CMP-1329,FGHI,Foundry Global Heavy Industries,Industrials,2021,2021-06-30,USD,5966622682.8,369166630.46,115155817.78,1.1,0.0619,6.19,0.0193,1.93,False,False,False,False,False
CMP-1127,FGHI,Foundry Global Heavy Industries,Industrials,2021,2021-12-31,USD,1498114541.88,182209932.87,95683536.84,2.74,0.1216,12.16,0.0639,6.39,False,False,False,False,False
CMP-1808,FGHI,Foundry Global Heavy Industries,Industrials,2021,2021-09-30,USD,13300799660.08,1839329223.5,1174753361.17,2.04,0.1383,13.83,0.0883,8.83,False,False,False,False,False
CMP-1096,FGHI,Foundry Global Heavy Industries,Industrials,2021,2021-12-31,USD,14158931748.9,2751711991.23,1940000000.0,6.9,0.1943,19.43,0.137016,13.7,False,False,False,False,False
CMP-1549,FGHI,Foundry Global Heavy Industries,Industrials,2021,2021-09-30,USD,,1176224021.79,469819385.53,0.85,,,0.0231,2.31,False,False,False,False,True
CMP-1699,FGHI,Foundry Global Heavy Industries,Industrials,2022,2022-09-30,USD,38219575673.47,1498207366.4,,0.29,0.0392,3.92,0.66,66.0,False,False,False,False,True
CMP-1226,FGHI,Foundry Global Heavy Industries,Industrials,2022,2022-12-31,USD,1613048506.73,246037773.37,209629186.65,4.85,0.1525,15.25,0.13,13.0,False,False,False,False,False
CMP-1011,FGHI,Foundry Global Heavy Industries,Industrials,2022,2022-09-30,USD,8970831330.56,1672516935.61,1060000000.0,5.88,0.186439,18.64,0.118,11.8,False,False,False,False,False
CMP-1524,,Foundry Global Heavy Industries,Industrials,2022,2022-03-31,USD,28799090971.52,3702436677.53,1932319559.35,3.66,0.1286,12.86,0.0671,6.71,False,False,False,False,False
CMP-1564,FGHI,Foundry Global Heavy Industries,Industrials,2022,2022-12-31,USD,5680733414.4,587726492.18,221772602.55,1.64,0.1035,10.35,0.039,3.9,False,False,False,False,False
CMP-1640,,Foundry Global Heavy Industries,Industrials,2023,2023-12-31,USD,27808927364.25,3693012067.95,2252572607.74,2.63,0.1328,13.28,0.081,8.1,False,False,False,False,False
CMP-1187,FGHI,Foundry Global Heavy Industries,Industrials,2023,2023-12-31,USD,29170000000.0,4111389859.3,2909415201.83,4.802,0.1409,14.09,0.0997,9.97,False,False,False,False,False
CMP-1464,FGHI,Foundry Global Heavy Industries,Industrials,2023,2023-12-31,USD,21036411641.21,3639559835.8,3050000000.0,6.16,0.173012,17.3,0.1451,14.51,False,False,False,False,False
CMP-1375,FGHI,Foundry Global Heavy Industries,Industrials,2023,2023-06-30,EUR,24972582788.69,1500000000.0,918991046.62,1.88,0.06,6.0,0.0368,3.68,False,False,False,False,False
CMP-1694,FGHI,Foundry Global Heavy Industries,Industrials,2023,2023-12-31,USD,18522919244.54,1959350148.58,1371272093.42,3.46,0.106,10.6,0.074031,7.4,False,False,False,False,False
CMP-1441,FGHI,Foundry Global Heavy Industries,Industrials,2024,2024-06-30,USD,35220839094.4,2831755463.19,1042632839.26,0.695,0.0804,8.04,0.0296,2.96,False,False,False,False,False
CMP-1547,FGHI,Foundry Global Heavy Industries,Industrials,2024,2024-03-31,USD,43850000000.0,-498940000.0,-2718916860.3,-3.37,-0.011378,-1.14,-0.062,-6.2,True,True,False,False,False
CMP-1236,FGHI,Foundry Global Heavy Industries,Industrials,2024,2024-12-31,USD,33902939260.05,5671755995.67,4940000000.0,6.75,0.1673,16.73,0.146,14.6,False,False,False,False,False
CMP-1893,FGHI,Foundry Global Heavy Industries,Industrials,2024,2024-12-31,USD,39550000000.0,6159126837.17,3750000000.0,3.4543,0.1557,15.57,0.094817,9.48,False,False,False,False,False
CMP-1051,FGHI,Foundry Global Heavy Industries,Industrials,2024,2024-12-31,USD,11479486309.35,2327550755.01,1911189959.82,8.09,0.202757,20.28,0.166487,16.65,False,False,False,False,False
CMP-1110,FGHI,Foundry Global Heavy Industries,Industrials,2024,2024-12-31,USD,30255606793.92,2413309608.66,858839947.21,,0.0798,7.98,0.0284,2.84,False,False,False,False,True
CMP-1467,FGHI,Foundry Global Heavy Industries,Industrials,2024,2024-09-30,USD,12070000000.0,573581935.1,168120000.0,,0.0475,4.75,0.014,1.4,False,False,False,False,True
CMP-1171,OAM,Orbital Aerospace Mfg,Industrials,2021,2021-09-30,USD,18168099280.86,3200000000.0,2419976223.47,3.8,0.1763,17.63,0.133,13.3,False,False,False,False,False
CMP-1904,OAM,Orbital Aerospace Mfg,Industrials,2021,2021-06-30,USD,18001166412.95,1393917069.04,714465127.78,1.33,0.0774,7.74,0.0397,3.97,False,False,False,False,False
CMP-1900,OAM,Orbital Aerospace Mfg,Industrials,2021,2021-12-31,USD,46618705444.79,10752258211.23,9660330528.05,7.0,0.2306,23.06,0.2072,20.72,False,False,False,False,False
CMP-1237,OAM,Orbital Aerospace Mfg,Industrials,2021,2021-12-31,USD,14357070473.0,1710000000.0,763071490.8,3.12,0.1194,11.94,0.0531,5.31,False,False,False,False,False
CMP-1271,OAM,Orbital Aerospace Mfg,Industrials,2021,2021-03-31,USD,24417555092.47,3540545488.41,3035775842.89,3.471,0.145,14.5,0.1243,12.43,False,False,False,False,False
CMP-1335,OAM,Orbital Aerospace Mfg,Industrials,2021,2021-09-30,USD,4615966272.0,715930696.53,468375936.48,3.55,0.1551,15.51,0.1015,10.15,False,False,False,False,False
CMP-1365,OAM,Orbital Aerospace Mfg,Industrials,2021,2021-12-31,USD,11461362363.7,1019335959.83,342814424.34,0.82,0.0889,8.89,0.0299,2.99,False,False,False,False,False
CMP-1212,OAM,Orbital Aerospace Mfg,Industrials,2021,2021-12-31,USD,28380000000.0,4624909304.71,3476219733.14,4.88,0.162964,16.3,0.1225,12.25,False,False,False,False,False
CMP-1541,OAM,Orbital Aerospace Mfg,Industrials,2022,2022-12-31,USD,194937236.57,14035481.03,3940435.76,0.35,0.072,7.2,0.0202,2.02,False,False,False,False,False
CMP-1100,OAM,Orbital Aerospace Mfg,Industrials,2022,2022-06-30,USD,29720280871.58,2367777968.97,552076761.58,0.87,0.0797,7.97,0.0186,1.86,False,False,False,False,False
CMP-1003,OAM,Orbital Aerospace Mfg,Industrials,2022,2022-12-31,USD,25245337946.55,1848920925.81,798784268.38,0.89,0.0732,7.32,0.0316,3.16,False,False,False,False,False
CMP-1305,OAM,Orbital Aerospace Mfg,Industrials,2023,2023-12-31,USD,39134113218.71,6171449654.59,5232013100.96,7.39,0.1577,15.77,0.1337,13.37,False,False,False,False,False
CMP-1277,OAM,Orbital Aerospace Mfg,Industrials,2023,2023-09-30,USD,27994321633.24,2287136077.44,1242947880.52,1.91,0.0817,8.17,0.0444,4.44,False,False,False,False,False
CMP-1260,OAM,Orbital Aerospace Mfg,Industrials,2023,2023-12-31,USD,42670000000.0,6320000000.0,4288750712.11,1.9,0.148,14.8,0.1005,10.05,False,False,False,False,False
CMP-1068,OAM,Orbital Aerospace Mfg,Industrials,2023,2023-09-30,USD,22412833108.18,-340557515.75,-1450926541.11,-1.0599,-0.0152,-1.52,-0.0647,-6.47,True,True,False,False,False
CMP-1769,OAM,Orbital Aerospace Mfg,Industrials,2024,2024-12-31,USD,15497243868.21,3170000000.0,2684539702.26,5.33,0.204,20.4,0.1732,17.32,False,False,False,False,False
CMP-1217,OAM,Orbital Aerospace Mfg,Industrials,2024,2024-09-30,USD,25290000000.0,2041665094.71,1318775324.93,1.42,0.08073,8.07,0.0521,5.21,False,False,False,False,False
CMP-1128,OAM,Orbital Aerospace Mfg,Industrials,2024,2024-12-31,USD,33831339296.59,2694479328.75,1993249266.86,1.81,0.079644,7.96,0.0589,5.89,False,False,False,False,False
CMP-1784,PE,Pioneer Equipment,Industrials,2021,2021-06-30,USD,33270145207.44,3890000000.0,2164655437.0,1.93,0.1169,11.69,0.0651,6.51,False,False,False,False,False
CMP-1894,PE,Pioneer Equipment,Industrials,2021,2021-12-31,USD,16917218954.96,3226950042.12,2611011454.67,3.77,0.191,19.1,0.1543,15.43,False,False,False,False,False
CMP-1259,PE,Pioneer Equipment,Industrials,2021,2021-06-30,USD,42132826102.74,7400575336.37,6000000000.0,2.97,0.176,17.6,0.1424,14.24,False,False,False,False,False
CMP-1682,PE,Pioneer Equipment,Industrials,2021,2021-06-30,USD,39230000000.0,3050000000.0,497582008.01,0.65,0.0778,7.78,0.0127,1.27,False,False,False,False,False
CMP-1902,PE,Pioneer Equipment,Industrials,2021,2021-03-31,USD,31805917830.74,3016738648.56,1500000000.0,1.57,0.094848,9.48,0.047,4.7,False,False,False,False,False
CMP-1247,PE,Pioneer Equipment,Industrials,2021,2021-12-31,USD,20122673530.17,2656192905.98,1829201075.6,4.38,0.132,13.2,0.0909,9.09,False,False,False,False,False
CMP-1331,,Pioneer Equipment,Industrials,2021,2021-09-30,USD,46329883185.36,5126421157.04,4188380056.35,5.23,0.1107,11.07,0.0904,9.04,False,False,False,False,False
CMP-1146,PE,Pioneer Equipment,Industrials,2021,2021-12-31,USD,24619115928.5,1032555305.83,-10571859.07,-0.0,0.0419,4.19,-0.0004,-0.04,False,True,False,False,False
CMP-1851,PE,Pioneer Equipment,Industrials,2021,2021-09-30,USD,10057060025.53,1090000000.0,766140000.0,4.26,0.1081,10.81,0.0762,7.62,False,False,False,False,False
CMP-1708,PE,Pioneer Equipment,Industrials,2022,2022-03-31,USD,8707980974.74,1880504672.89,1399582725.65,5.47,0.216,21.6,0.161,16.1,False,False,False,False,False
CMP-1254,PE,Pioneer Equipment,Industrials,2023,2023-09-30,USD,29220000000.0,3000000.0,-839259455.6,-0.72,0.01,1.0,-0.029,-2.9,False,True,False,False,False
CMP-1151,PE,Pioneer Equipment,Industrials,2023,2023-03-31,USD,35811642023.95,3931018360.31,2441863662.54,1.414,0.1098,10.98,0.0682,6.82,False,False,False,False,False
CMP-1630,PE,Pioneer Equipment,Industrials,2023,2023-09-30,EUR,6128806488.65,572430526.04,368384651.16,0.95,0.0934,9.34,,,False,False,False,False,False
CMP-1516,PE,Pioneer Equipment,Industrials,2023,2023-12-31,USD,34913007100.33,6012243012.75,4822545290.79,7.5,0.1722,17.22,0.138,13.8,False,False,False,False,False
CMP-1732,PE,Pioneer Equipment,Industrials,2023,2023-09-30,USD,37820090840.9,9829321277.21,8603224928.09,10.63,0.2599,25.99,0.2275,22.75,False,False,False,False,False
CMP-1775,PE,Pioneer Equipment,Industrials,2024,2024-03-31,USD,24922226219.45,3464821446.18,2791516952.46,,0.139025,13.9,0.112,11.2,False,False,False,False,True
CMP-1499,PE,Pioneer Equipment,Industrials,2024,2024-12-31,USD,26010000000.0,3947528927.76,2503480252.37,2.8,0.1518,15.18,0.0962,9.62,False,False,False,False,False
CMP-1214,PE,Pioneer Equipment,Industrials,2024,2024-03-31,USD,36680000000.0,6530309264.7,4329688010.29,4.03,0.178,17.8,0.118,11.8,False,False,False,False,False
CMP-1751,PE,Pioneer Equipment,Industrials,2024,2024-06-30,USD,29219198466.62,2623884022.3,,1.0,0.0898,8.98,,,False,False,False,False,True
CMP-1941,PE,Pioneer Equipment,Industrials,2024,2024-12-31,USD,39671977096.17,397894272.49,-1730690049.49,-2.27,0.01,1.0,-0.0436,-4.36,False,True,False,False,False
CMP-1477,PSC,Precision Systems,Industrials,2023,2023-03-31,USD,4033009554.36,486631345.49,313550000.0,2.86,0.1207,12.07,0.0777,7.77,False,False,False,False,False
CMP-1606,PSC,Precision Systems,Industrials,2024,2024-12-31,USD,35965133809.96,2379694138.14,1160000000.0,1.51,0.066,6.6,0.0324,3.24,False,False,False,False,False
CMP-1531,PSC,Precision Systems Corp,Industrials,2021,2021-06-30,USD,3515775553.01,537210504.5,422160000.0,3.76,0.1528,15.28,0.1201,12.01,False,False,False,False,False
CMP-1937,,Precision Systems Corp,Industrials,2021,2021-09-30,USD,19676853237.84,1930000000.0,868500000.0,0.775,0.098085,9.81,0.044,4.4,False,False,False,False,False
CMP-1929,PSC,Precision Systems Corp,Industrials,2021,2021-03-31,USD,34087932838.67,,2427728871.91,3.97,,,0.0712,7.12,False,False,False,False,True
CMP-1932,PSC,Precision Systems Corp,Industrials,2021,2021-12-31,USD,39252578348.77,-1140000000.0,-3631518787.74,-1.74,-0.029,-2.9,-0.092517,-9.25,True,True,False,False,False
CMP-1844,PSC,Precision Systems Corp,Industrials,2022,2022-06-30,USD,27471951300.59,2348816347.35,703614226.85,0.808,0.0855,8.55,0.0256,2.56,False,False,False,False,False
CMP-1720,PSC,Precision Systems Corp,Industrials,2022,2022-12-31,USD,46900000000.0,2321159223.32,-371749996.21,,0.0495,4.95,-0.0079,-0.79,False,True,False,False,True
CMP-1248,PSC,Precision Systems Corp,Industrials,2023,2023-03-31,USD,11552649739.39,1027894305.32,630920000.0,1.55,0.089,8.9,0.0546,5.46,False,False,False,False,False
CMP-1231,PSC,Precision Systems Corp,Industrials,2024,2024-12-31,USD,4504949670.88,788653497.89,491930000.0,2.31,0.1751,17.51,0.1092,10.92,False,False,False,False,False
CMP-1010,PSC,Precision Systems Corp,Industrials,2024,2024-12-31,USD,12510385519.01,268243458.11,-307276824.33,-0.97,0.021,2.1,-0.0246,-2.46,False,True,False,False,False
CMP-1205,PSC,Precision Systems Corp,Industrials,2024,2024-06-30,USD,31669278338.66,3329350454.26,2650000000.0,2.09,0.105129,10.51,0.084,8.4,False,False,False,False,False
CMP-1522,PSC,Precision Systems Corp,Industrials,2024,2024-03-31,USD,38164407984.17,4420147256.7,1760000000.0,2.46,0.115819,11.58,0.046,4.6,False,False,False,False,False
CMP-1023,PSC,Precision Systems Corp,Industrials,2024,2024-03-31,USD,30591330491.31,3234712414.99,2142057419.72,2.65,0.1057,10.57,0.07,7.0,False,False,False,False,False
CMP-1396,PSC,Precision Systems Corp,Industrials,2024,2024-12-31,USD,17717548139.32,2578665763.0,1841174701.24,3.02,0.145543,14.55,0.1039,10.39,False,False,False,False,False
CMP-1029,PSC,Precision Systems Corporation,Industrials,2021,2021-12-31,USD,20569920919.43,3231920986.4,1979197615.71,5.17,0.1571,15.71,0.096,9.6,False,False,False,False,False
CMP-1287,SI,Steelcore Industries,Industrials,2021,2021-06-30,USD,22777290332.39,2139740058.59,581553111.66,0.5961,0.0939,9.39,0.0255,2.55,False,False,False,False,False
CMP-1012,SI,Steelcore Industries,Industrials,2021,2021-12-31,EUR,45100000000.0,5651643306.87,2670604790.88,1.12,0.1253,12.53,0.0592,5.92,False,False,False,False,False
CMP-1510,SI,Steelcore Industries,Industrials,2021,2021-03-31,USD,12581447588.54,1624264883.68,1020026003.41,1.6209,0.1291,12.91,0.0811,8.11,False,False,False,False,False
CMP-1299,SI,Steelcore Industries,Industrials,2021,2021-12-31,USD,24910000000.0,5850000000.0,5240000000.0,6.47,0.2347,23.47,0.2103,21.03,False,False,False,False,False
CMP-1436,SI,Steelcore Industries,Industrials,2021,2021-12-31,USD,35206537963.41,9541982426.3,7942970922.33,6.41,0.0,0.0,0.2256,22.56,False,False,False,False,False
CMP-1495,SI,Steelcore Industries,Industrials,2021,2021-06-30,USD,32100009542.72,3544057378.63,1883409491.37,1.32,0.1104,11.04,0.0587,5.87,False,False,False,False,False
CMP-1821,SI,Steelcore Industries,Industrials,2022,2022-09-30,USD,18582412729.54,2445287705.61,2009999999.9999998,2.65,0.1316,13.16,0.108167,10.82,False,False,False,False,False
CMP-1340,SI,Steelcore Industries,Industrials,2022,2022-03-31,USD,18978227742.72,1062515389.21,58713933.84,0.19,0.056,5.6,0.0031,0.31,False,False,False,False,False
CMP-1622,SI,Steelcore Industries,Industrials,2022,2022-03-31,USD,30994585080.59,6767977064.31,5839355623.34,10.37,0.2184,21.84,0.1884,18.84,False,False,False,False,False
CMP-1389,SI,Steelcore Industries,Industrials,2023,2023-12-31,USD,23910000000.0,736529107.54,-927708000.0,-2.0691,0.0308,3.08,-0.0388,-3.88,False,True,False,False,False
CMP-1360,SI,Steelcore Industries,Industrials,2023,2023-06-30,USD,34069135011.27,4130314840.6,3011888534.54,5.16,0.121,12.1,0.0884,8.84,False,False,False,False,False
CMP-1058,SI,Steelcore Industries,Industrials,2023,2023-12-31,USD,43923707003.76,4450000000.0,1448515650.54,1.92,0.1013,10.13,0.033,3.3,False,False,False,False,False
CMP-1278,SI,Steelcore Industries,Industrials,2023,2023-12-31,CAD,2310128578.94,313477884.34,264440000.0,1.83,0.135697,13.57,0.1145,11.45,False,False,False,False,False
CMP-1577,SI,Steelcore Industries,Industrials,2023,2023-09-30,EUR,42115097019.15,5460000000.0,2628251276.29,1.35,0.1296,12.96,0.0624,6.24,False,False,False,False,False
CMP-1269,SI,Steelcore Industries,Industrials,2024,2024-03-31,USD,1520359911.69,218383505.71,125199373.38,1.71,0.144,14.4,0.0823,8.23,False,False,False,False,False
CMP-1483,SI,Steelcore Industries,Industrials,2024,2024-12-31,USD,41800000000.0,4880000000.0,3540000000.0,2.99,0.116746,11.67,0.085,8.5,False,False,False,False,False
CMP-1183,TMW,Titan Machine Works,Industrials,2021,2021-09-30,USD,19312765834.64,1430000000.0,598612764.92,1.7862,0.0741,7.41,0.031,3.1,False,False,False,False,False
CMP-1836,TMW,Titan Machine Works,Industrials,2022,2022-06-30,USD,35629792713.91,-4372947800.21,-6578842461.97,-5.773,-0.1227,-12.27,-0.1846,-18.46,True,True,False,False,False
CMP-1615,TMW,Titan Machine Works,Industrials,2022,2022-12-31,USD,30961864724.27,5700079295.74,5006057252.78,5.0,0.1841,18.41,0.1617,16.17,False,False,False,False,False
CMP-1201,,Titan Machine Works,Industrials,2022,2022-12-31,USD,21823469407.74,709321421.12,-299350000.0,-0.48,0.0325,3.25,-0.0137,-1.37,False,True,False,False,False
CMP-1690,TMW,Titan Machine Works,Industrials,2022,2022-12-31,USD,13242547697.7,959857728.45,466346410.77,1.06,0.0725,7.25,0.0352,3.52,False,False,False,False,False
CMP-1437,TMW,Titan Machine Works,Industrials,2022,2022-06-30,USD,27173253018.09,5034668862.93,3555241071.92,7.1043,0.1853,18.53,0.1308,13.08,False,False,False,False,False
CMP-1860,TMW,Titan Machine Works,Industrials,2022,2022-06-30,USD,8426990891.0,1647362922.83,1310000000.0,7.6,0.195486,19.55,0.1559,15.59,False,False,False,False,False
CMP-1124,TMW,Titan Machine Works,Industrials,2023,2023-09-30,USD,29715980153.12,1546642015.71,-45500374.94,-0.06,0.052,5.2,-0.15,-15.0,False,True,False,False,False
CMP-1555,TMW,Titan Machine Works,Industrials,2023,2023-09-30,USD,28899431106.4,1780000000.0,179107951.19,0.28,0.0615,6.15,0.0062,0.62,False,False,False,False,False
CMP-1951,TMW,Titan Machine Works,Industrials,2023,2023-03-31,USD,5044336613.49,299129161.18,166480543.76,1.95,0.0593,5.93,0.033,3.3,False,False,False,False,False
CMP-1064,TMW,Titan Machine Works,Industrials,2023,2023-09-30,USD,38875598533.74,5104366087.48,2550000000.0,2.5,0.1313,13.13,0.0656,6.56,False,False,False,False,False
CMP-1958,TMW,Titan Machine Works,Industrials,2023,2023-03-31,USD,16010000000.000002,1406522530.37,1020887276.14,1.7,0.0878,8.78,0.0637,6.37,False,False,False,False,False
CMP-1593,TMW,Titan Machine Works,Industrials,2023,2023-12-31,USD,5430000000.0,-23255085.59,-351568172.87,-3.73,-0.0043,-0.43,-0.064746,-6.47,True,True,False,False,False
CMP-1661,TMW,Titan Machine Works,Industrials,2023,2023-12-31,USD,44147145460.53,5903778248.15,2828366656.67,1.09,0.1337,13.37,0.064067,6.41,False,False,False,False,False
CMP-1132,TMW,Titan Machine Works,Industrials,2024,2024-06-30,USD,7161878266.88,780427882.99,544714574.05,2.712,0.109,10.9,0.0761,7.61,False,False,False,False,False
CMP-1673,TMW,Titan Machine Works,Industrials,2024,2024-12-31,USD,45164762841.69,6371466085.54,4323423760.7,3.2,0.1411,14.11,0.0957,9.57,False,False,False,False,False
CMP-1537,TMW,Titan Machine Works,Industrials,2024,2024-03-31,USD,41977774481.93,5407001807.7,3531546965.77,,0.129,12.9,0.0841,8.41,False,False,False,False,True
CMP-1423,TMW,Titan Machine Works,Industrials,2024,2024-09-30,USD,5931981701.47,1196961923.66,895910006.0,7.53,0.2018,20.18,0.151,15.1,False,False,False,False,False
CMP-1853,VL,Vanguard Logistics,Industrials,2021,2021-06-30,USD,20707692052.12,1979576632.39,947390000.0,2.7,0.0956,9.56,0.0458,4.58,False,False,False,False,False
CMP-1790,VL,Vanguard Logistics,Industrials,2021,2021-03-31,USD,,851690000.0,223644237.18,0.6,,,0.019,1.9,False,False,False,False,True
CMP-1061,VL,Vanguard Logistics,Industrials,2021,2021-06-30,USD,33445906664.8,2478088423.61,855859655.92,0.4957,0.0741,7.41,0.026,2.6,False,False,False,False,False
CMP-1196,VL,Vanguard Logistics,Industrials,2021,2021-12-31,USD,27918570211.31,1083144151.02,-816812710.02,-0.63,0.0388,3.88,-0.0293,-2.93,False,True,False,False,False
CMP-1120,VL,Vanguard Logistics,Industrials,2021,2021-12-31,USD,19981557771.93,2046031460.01,782475298.68,2.02,0.1024,10.24,0.0392,3.92,False,False,False,False,False
CMP-1865,VL,Vanguard Logistics,Industrials,2021,2021-12-31,USD,32097515372.83,823990409.45,-1315638130.52,-1.1,0.0257,2.57,-0.041,-4.1,False,True,False,False,False
CMP-1591,VL,Vanguard Logistics,Industrials,2022,2022-09-30,USD,29500000000.0,5686644739.88,4965968300.23,6.2191,0.1928,19.28,0.1683,16.83,False,False,False,False,False
CMP-1025,VL,Vanguard Logistics,Industrials,2022,2022-03-31,USD,3805798082.6,20350000.0,-110906069.61,,0.0053,0.53,-0.0291,-2.91,False,True,False,False,True
CMP-1035,VL,Vanguard Logistics,Industrials,2022,2022-12-31,USD,13460000000.0,1073122502.3,192555376.79,0.4,0.079727,7.97,0.0143,1.43,False,False,False,False,False
CMP-1528,VL,Vanguard Logistics,Industrials,2022,2022-09-30,USD,28450000000.0,1109302746.95,-188555716.96,-0.13,0.039,3.9,-0.006628,-0.66,False,True,False,False,False
CMP-1446,VL,Vanguard Logistics,Industrials,2022,2022-09-30,USD,21599477010.1,3266575010.63,2194113097.32,3.313,0.1512,15.12,0.102,10.2,False,False,False,False,False
CMP-1098,VL,Vanguard Logistics,Industrials,2023,2023-09-30,CAD,2875913429.6,-104399230.54,-289565518.17,-3.1,-0.036,-3.6,-0.1007,-10.07,True,True,False,False,False
CMP-1543,VL,Vanguard Logistics,Industrials,2023,2023-09-30,USD,18498205720.19,1238748984.06,446807029.67,0.763,0.067,6.7,0.0242,2.42,False,False,False,False,False
CMP-1897,VL,Vanguard Logistics,Industrials,2023,2023-06-30,USD,18535178317.86,350425212.38,-445775636.06,-0.69,0.0189,1.89,-0.0241,-2.41,False,True,False,False,False
CMP-1028,VL,Vanguard Logistics,Industrials,2023,2023-06-30,USD,38780234629.26,3426226041.27,2437229375.96,1.59,0.0883,8.83,0.0628,6.28,False,False,False,False,False
CMP-1142,VL,Vanguard Logistics,Industrials,2024,2024-12-31,USD,3044412717.85,516316561.5,341527741.26,2.61,0.1696,16.96,0.1122,11.22,False,False,False,False,False
CMP-1307,VL,Vanguard Logistics,Industrials,2024,2024-06-30,USD,35148506301.65,7107361036.91,6260932313.99,3.16,0.2022,20.22,0.178128,17.81,False,False,False,False,False
CMP-1414,VL,Vanguard Logistics,Industrials,2024,2024-03-31,USD,22215541006.23,4640000000.0,3198679641.87,6.2849,0.2087,20.87,0.143984,14.4,False,False,False,False,False
CMP-1656,SI,,Industrials,2022,2022-06-30,USD,27180000000.0,2977308503.54,2417336920.93,1.37,0.1096,10.96,0.089,8.9,False,False,False,False,False
CMP-1304,CFC,,Industrials,2023,2023-12-31,USD,34069817671.31,4684599929.81,2638435380.32,,0.1375,13.75,0.0774,7.74,False,False,False,False,True
CMP-1087,AQC,Apex Quantum,Technology,2022,2022-06-30,USD,2124623747.18,520350000.0,391330978.96,5.1,0.0,0.0,0.1842,18.42,False,False,False,False,False
CMP-1824,AQC,Apex Quantum Corp,Technology,2021,2021-03-31,USD,82264560328.12,1294384161.93,-3634468988.7,-1.3113,0.0157,1.57,-0.044,-4.4,False,True,False,False,False
CMP-1502,AQC,Apex Quantum Corp,Technology,2021,2021-03-31,USD,60550791221.29,9215830423.88,6950000000.0,4.0474,0.1522,15.22,0.1148,11.48,False,False,False,False,False
CMP-1794,AQC,Apex Quantum Corp,Technology,2021,2021-09-30,USD,63633404937.34,16813988184.57,12367195814.55,5.0273,0.2642,26.42,0.194,19.4,False,False,False,False,False
CMP-1595,AQC,Apex Quantum Corp,Technology,2021,2021-09-30,USD,42627969145.77,12491397125.03,9950000000.0,10.92,0.293033,29.3,0.2333,23.33,False,False,False,False,False
CMP-1573,AQC,Apex Quantum Corp,Technology,2021,2021-03-31,USD,17231332348.73,5650153877.15,4966069982.9,4.83,0.3279,32.79,0.2882,28.82,False,False,False,False,False
CMP-1158,AQC,Apex Quantum Corp,Technology,2021,2021-09-30,USD,69478565220.05,9248971623.03,5536581740.41,4.53,0.1331,13.31,0.0797,7.97,False,False,False,False,False
CMP-1799,AQC,Apex Quantum Corp,Technology,2022,2022-09-30,USD,52716798073.08,15580000000.0,13042147328.81,10.66,0.2956,29.56,0.2474,24.74,False,False,False,False,False
CMP-1266,AQC,Apex Quantum Corp,Technology,2022,2022-12-31,EUR,67811597933.35,22510710729.89,18210000000.0,12.591,0.332,33.2,0.2686,26.86,False,False,False,False,False
CMP-1448,AQC,Apex Quantum Corp,Technology,2022,2022-06-30,USD,52722155283.47,18979228877.47,17679652424.16,13.91,0.36,36.0,0.3353,33.53,False,False,False,False,False
CMP-1728,AQC,Apex Quantum Corp,Technology,2022,2022-03-31,USD,68461913524.36,3556572634.9,76025063.21,,0.0519,5.19,0.0011,0.11,False,False,False,False,True
CMP-1008,AQC,Apex Quantum Corp,Technology,2022,2022-03-31,USD,25996478314.36,6627128321.47,5535078017.25,4.36,0.2549,25.49,0.2129,21.29,False,False,False,False,False
CMP-1919,AQC,Apex Quantum Corp,Technology,2023,2023-06-30,USD,10364886060.25,1860000000.0,1170000000.0,2.61,0.1796,17.96,0.113,11.3,False,False,False,False,False
CMP-1140,AQC,Apex Quantum Corp,Technology,2023,2023-03-31,USD,42864955432.03,8905882838.0,6340000000.0,,0.2078,20.78,0.1478,14.78,False,False,False,False,True
CMP-1557,AQC,Apex Quantum Corp,Technology,2023,2023-06-30,USD,29497702543.61,2190643525.8,1372879091.0,0.75,0.0743,7.43,0.0465,4.65,False,False,False,False,False
CMP-1004,AQC,Apex Quantum Corp,Technology,2023,2023-03-31,USD,52065718117.19,8780074899.55,6785015914.12,4.63,0.1686,16.86,0.1303,13.03,False,False,False,False,False
CMP-1729,AQC,Apex Quantum Corp,Technology,2023,2023-12-31,USD,62762290826.09,15365023045.84,12470867187.14,3.59,0.244813,24.48,0.1987,19.87,False,False,False,False,False
CMP-1079,AQC,Apex Quantum Corp,Technology,2024,2024-06-30,CAD,40324079750.73,17929726307.54,16774034411.77,14.36,0.4446,44.46,0.416,41.6,False,False,False,False,False
CMP-1255,AQC,Apex Quantum Corp,Technology,2024,2024-09-30,USD,15967581177.24,3654979331.47,2713123208.47,5.23,0.2289,22.89,0.1699,16.99,False,False,False,False,False
CMP-1384,AQC,Apex Quantum Corp,Technology,2024,2024-12-31,USD,44353284371.53,5770295373.15,3208293498.84,1.5,0.130098,13.01,0.072,7.2,False,False,False,False,False
CMP-1791,AQC,Apex Quantum Corporation,Technology,2022,2022-12-31,USD,76340000000.0,17407446527.11,12490799679.09,4.85,0.228,22.8,0.1636,16.36,False,False,False,False,False
CMP-1409,AQC,Apex Quantum Corporation,Technology,2024,2024-03-31,USD,71793698470.46,15530000000.0,13740107128.66,7.08,0.216,21.6,0.1914,19.14,False,False,False,False,False
CMP-1283,BI,Bytewave Interactive,Technology,2021,2021-12-31,USD,12967262117.61,4890000000.0,4352442324.11,19.29,0.3773,37.73,0.3356,33.56,False,False,False,False,False
CMP-1568,BI,Bytewave Interactive,Technology,2021,2021-12-31,USD,64797796199.38,12551333123.82,10275865794.9,4.2295,0.1937,19.37,0.1586,15.86,False,False,False,False,False
CMP-1627,BI,Bytewave Interactive,Technology,2022,2022-12-31,USD,50646922615.75,-4895380613.79,-5933449616.14,-4.2,-0.0967,-9.67,-0.1172,-11.72,True,True,False,False,False
CMP-1837,BI,Bytewave Interactive,Technology,2022,2022-06-30,USD,73100000000.0,3196759846.61,247743955.38,0.1,0.0437,4.37,0.0034,0.34,False,False,False,False,False
CMP-1801,BI,Bytewave Interactive,Technology,2022,2022-06-30,USD,37680000000.0,16223402956.92,14137142899.19,12.2,0.431,43.1,0.375,37.5,False,False,False,False,False
CMP-1431,BI,Bytewave Interactive,Technology,2022,2022-12-31,USD,71976741637.87,23720656876.73,18974055159.18,6.95,0.3296,32.96,0.2636,26.36,False,False,False,False,False
CMP-1943,BI,Bytewave Interactive,Technology,2023,2023-03-31,USD,23114138477.15,3155001997.84,2598841576.93,6.71,0.1365,13.65,0.1124,11.24,False,False,False,False,False
CMP-1164,BI,Bytewave Interactive,Technology,2024,2024-03-31,USD,5527366244.61,816740000.0,517851329.08,4.61,0.1478,14.78,0.0937,9.37,False,False,False,False,False
CMP-1314,BI,Bytewave Interactive,Technology,2024,2024-12-31,USD,73720000000.0,2401954313.09,-1750000000.0,-0.87,0.0326,3.26,-0.023738,-2.37,False,True,False,False,False
CMP-1181,BI,Bytewave Interactive,Technology,2024,2024-03-31,USD,54550000000.0,8380000000.000001,5399772653.24,3.9,0.1537,15.37,0.099,9.9,False,False,False,False,False
CMP-1369,BI,Bytewave Interactive,Technology,2024,2024-03-31,USD,54621281812.61,14989420138.34,12238981780.49,8.87,0.274425,27.44,0.2241,22.41,False,False,False,False,False
CMP-1031,BI,Bytewave Interactive,Technology,2024,2024-03-31,USD,28796647293.6,7529233408.24,5595668553.71,5.74,0.2615,26.15,0.1943,19.43,False,False,False,False,False
CMP-1600,BI,Bytewave Interactive,Technology,2024,2024-12-31,USD,30510000000.0,3583133073.82,1620000000.0,2.0,0.1174,11.74,0.053,5.3,False,False,False,False,False
CMP-1492,BI,Bytewave Interactive,Technology,2024,2024-12-31,USD,15780000000.0,4036237073.02,3600586003.84,7.943,0.2558,25.58,0.2282,22.82,False,False,False,False,False
CMP-1834,BI,Bytewave Interactive,Technology,2024,2024-03-31,USD,26782335896.9,9830000000.0,7960000000.0,16.3649,0.367,36.7,0.2974,29.74,False,False,False,False,False
CMP-1116,CT,Cloudscale Technologies,Technology,2021,2021-12-31,USD,80740522642.82,24951692789.77,21648424269.82,15.28,0.309,30.9,0.268,26.8,False,False,False,False,False
CMP-1302,CT,Cloudscale Technologies,Technology,2021,2021-12-31,USD,14360897104.68,3634186823.49,2839687620.64,3.25,0.2531,25.31,0.1977,19.77,False,False,False,False,False
CMP-1435,CT,Cloudscale Technologies,Technology,2021,2021-12-31,USD,18266439431.46,3830341013.7,3003005846.21,8.69,0.2097,20.97,0.1644,16.44,False,False,False,False,False
CMP-1405,CT,Cloudscale Technologies,Technology,2022,2022-03-31,USD,62397180190.63,4959014491.65,1310948084.33,0.33,0.0795,7.95,0.021,2.1,False,False,False,False,False
CMP-1264,CT,Cloudscale Technologies,Technology,2022,2022-12-31,USD,40927771086.17,14925350037.7,13395041833.84,14.89,0.365,36.5,0.3273,32.73,False,False,False,False,False
CMP-1163,CT,Cloudscale Technologies,Technology,2022,2022-12-31,USD,4547752346.21,1146488366.48,979010000.0,4.53,0.2521,25.21,0.2153,21.53,False,False,False,False,False
CMP-1582,CT,Cloudscale Technologies,Technology,2022,2022-09-30,USD,70364980540.72,18981926187.49,14211014643.86,4.9,0.2698,26.98,0.202,20.2,False,False,False,False,False
CMP-1216,CT,Cloudscale Technologies,Technology,2023,2023-03-31,USD,53900626952.25,7829468143.43,4500000000.0,4.95,0.1453,14.53,0.084,8.4,False,False,False,False,False
CMP-1770,CT,Cloudscale Technologies,Technology,2023,2023-12-31,USD,31759448278.5,6275265867.42,4900000000.0,7.34,0.1976,19.76,0.154,15.4,False,False,False,False,False
CMP-1752,CT,Cloudscale Technologies,Technology,2023,2023-03-31,USD,33330000000.0,4384836791.04,2118683976.12,2.7165,0.1316,13.16,0.0636,6.36,False,False,False,False,False
CMP-1518,CT,Cloudscale Technologies,Technology,2023,2023-12-31,USD,8340949796.08,-51914123.6,-468276606.35,-1.59,-0.0062,-0.62,-0.056,-5.6,True,True,False,False,False
CMP-1041,CT,Cloudscale Technologies,Technology,2023,2023-09-30,USD,19370000000.0,6291375668.86,5279221636.23,6.23,0.3248,32.48,0.273,27.3,False,False,False,False,False
CMP-1348,CS,Cybernova Systems,Technology,2021,2021-12-31,USD,19430000000.0,4671178126.33,3633204943.37,8.016,0.240411,24.04,0.187,18.7,False,False,False,False,False
CMP-1458,CS,Cybernova Systems,Technology,2021,2021-06-30,USD,48673362213.63,3387579216.96,1532551129.78,0.95,0.0696,6.96,0.0315,3.15,False,False,False,False,False
CMP-1156,CS,Cybernova Systems,Technology,2021,2021-09-30,USD,6960000000.0,-558930700.56,-1039848700.6,-3.0,-0.08,-8.0,-0.1495,-14.95,True,True,False,False,False
CMP-1425,CS,Cybernova Systems,Technology,2021,2021-09-30,USD,24995949814.08,5610000000.0,3890182568.36,6.55,0.2246,22.46,0.1556,15.56,False,False,False,False,False
CMP-1852,CS,Cybernova Systems,Technology,2021,2021-09-30,USD,39865659251.78,16381689056.24,15276429193.1,14.15,0.4109,41.09,0.383198,38.32,False,False,False,False,False
CMP-1249,CS,Cybernova Systems,Technology,2021,2021-12-31,USD,19970000000.0,2464298000.0,2020000000.0,1.601,0.1234,12.34,0.101152,10.12,False,False,False,False,False
CMP-1385,CS,Cybernova Systems,Technology,2021,2021-06-30,USD,70241838426.93,17350000000.0,13201231871.85,8.81,0.247,24.7,0.1879,18.79,False,False,False,False,False
CMP-1176,CS,Cybernova Systems,Technology,2022,2022-06-30,USD,75996785671.87,12273480886.01,9570008755.15,3.3,0.1615,16.15,0.1259,12.59,False,False,False,False,False
CMP-1320,CS,Cybernova Systems,Technology,2022,2022-03-31,USD,30630000000.0,2491271460.97,1280000000.0,2.45,0.0813,8.13,0.0418,4.18,False,False,False,False,False
CMP-1290,CS,Cybernova Systems,Technology,2022,2022-06-30,USD,78280000000.0,28955772000.0,25507106965.18,6.607,0.3699,36.99,0.326,32.6,False,False,False,False,False
CMP-1676,,Cybernova Systems,Technology,2023,2023-12-31,USD,45890000000.0,6929390000.0,5937382220.27,,0.151,15.1,0.1294,12.94,False,False,False,False,True
CMP-1346,CS,Cybernova Systems,Technology,2023,2023-06-30,USD,27691107667.04,1850000000.0,328530000.0,0.385,0.0666,6.66,0.011864,1.19,False,False,False,False,False
CMP-1730,CS,Cybernova Systems,Technology,2023,2023-12-31,USD,31638932825.8,7544614540.79,6060000000.0,5.19,0.2385,23.85,0.192,19.2,False,False,False,False,False
CMP-1512,CS,Cybernova Systems,Technology,2023,2023-09-30,USD,46533101482.93,11650000000.0,10461403799.95,,0.250359,25.04,0.2248,22.48,False,False,False,False,True
CMP-1633,CS,Cybernova Systems,Technology,2023,2023-12-31,USD,2152032750.17,124444539.5,-15280000.0,-0.36,0.0578,5.78,-0.71,-71.0,False,True,False,False,False
CMP-1843,CS,Cybernova Systems,Technology,2023,2023-09-30,USD,24392287116.03,3270000000.0,1654724679.55,,0.1342,13.42,0.067838,6.78,False,False,False,False,True
CMP-1136,CS,Cybernova Systems,Technology,2024,2024-09-30,USD,15582525161.27,4825661274.36,4144951692.9,12.0,0.31,31.0,0.266,26.6,False,False,False,False,False
CMP-1924,CS,Cybernova Systems,Technology,2024,2024-06-30,USD,2161602896.74,378627553.59,241540000.0,,0.175,17.5,0.1117,11.17,False,False,False,False,True
CMP-1443,CS,Cybernova Systems,Technology,2024,2024-12-31,USD,3146168466.68,1241406587.82,1061202623.81,8.13,0.3946,39.46,0.3373,33.73,False,False,False,False,False
CMP-1695,DS,Datasphere Solutions,Technology,2021,2021-03-31,USD,69480000000.0,19079208000.0,15790000000.0,13.3,0.2746,27.46,0.227,22.7,False,False,False,False,False
CMP-1545,DS,Datasphere Solutions,Technology,2021,2021-03-31,USD,30250000000.0,4873274664.17,2843757267.56,4.238,0.1611,16.11,0.094,9.4,False,False,False,False,False
CMP-1359,DS,Datasphere Solutions,Technology,2022,2022-09-30,USD,57942849908.93,1714099811.51,29590065.92,0.02,0.0296,2.96,0.001,0.1,False,False,False,False,False
CMP-1590,DS,Datasphere Solutions,Technology,2022,2022-09-30,USD,64078359203.5,19460597690.1,15721404108.36,13.02,0.3037,30.37,0.245,24.5,False,False,False,False,False
CMP-1006,DS,Datasphere Solutions,Technology,2022,2022-06-30,USD,50416376167.94,11831024446.0,57978832593.14,20.62,0.2347,23.47,0.0115,1.15,False,False,False,True,False
CMP-1931,DS,Datasphere Solutions,Technology,2023,2023-06-30,USD,68510000000.00001,15646942876.2,13508361468.56,4.96,0.2284,22.84,0.1972,19.72,False,False,False,False,False
CMP-1532,DS,Datasphere Solutions,Technology,2023,2023-12-31,USD,40241061172.3,7790669442.96,6590349377.13,6.96,0.1936,19.36,0.1638,16.38,False,False,False,False,False
CMP-1174,DS,Datasphere Solutions,Technology,2023,2023-12-31,USD,10068798754.1,2410000000.0,2040000000.0,4.3189,0.24,24.0,0.2031,20.31,False,False,False,False,False
CMP-1815,DS,Datasphere Solutions,Technology,2023,2023-06-30,USD,75065322181.61,15170701612.9,11200000000.0,,0.2021,20.21,0.1492,14.92,False,False,False,False,True
CMP-1195,DS,Datasphere Solutions,Technology,2023,2023-06-30,USD,35695824390.46,7214682963.9,4867957544.65,4.27,0.2021,20.21,0.136373,13.64,False,False,False,False,False
CMP-1107,DS,Datasphere Solutions,Technology,2024,2024-03-31,EUR,31960000000.0,9986916868.95,8891225457.48,15.05,0.312482,31.25,0.278199,27.82,False,False,False,False,False
CMP-1870,DS,Datasphere Solutions,Technology,2024,2024-09-30,USD,37721421885.74,4586124245.81,2259513170.96,,0.1216,12.16,0.0599,5.99,False,False,False,False,True
CMP-1200,DS,Datasphere Solutions,Technology,2024,2024-03-31,USD,3251239316.91,1717926311.65,1640000000.0,25.2,0.5284,52.84,0.5051,50.51,False,False,False,False,False
CMP-1812,DS,Datasphere Solutions,Technology,2024,2024-03-31,USD,41598854431.19,3660699189.94,1621843968.02,,0.088,8.8,0.039,3.9,False,False,False,False,True
CMP-1787,IG,Infocore Global,Technology,2021,2021-09-30,USD,66165441880.82,19460000000.0,76090000000.0,26.96,0.2941,29.41,1.149996,115.0,False,False,False,True,False
CMP-1698,IG,Infocore Global,Technology,2021,2021-09-30,USD,11331695153.78,973392613.71,253389563.61,,0.0859,8.59,0.0224,2.24,False,False,False,False,True
CMP-1947,IG,Infocore Global,Technology,2021,2021-03-31,USD,17235901509.13,2170000000.0,1020137117.89,2.72,0.1259,12.59,0.0591,5.91,False,False,False,False,False
CMP-1022,IG,Infocore Global,Technology,2022,2022-12-31,USD,44503880573.06,7654667458.57,6533169668.13,2.41,0.172,17.2,0.1468,14.68,False,False,False,False,False
CMP-1693,IG,Infocore Global,Technology,2022,2022-12-31,USD,13939393939.39,3220000000.0,,8.23,0.231,23.1,0.1712,17.12,False,False,False,False,True
CMP-1282,IG,Infocore Global,Technology,2022,2022-12-31,USD,59008936857.56,20925889790.86,18939473344.99,,0.3546,35.46,0.321,32.1,False,False,False,False,True
CMP-1739,IG,Infocore Global,Technology,2022,2022-12-31,USD,58306167792.24,5556577790.6,4070000000.0000005,1.96,0.0953,9.53,0.07,7.0,False,False,False,False,False
CMP-1101,IG,Infocore Global,Technology,2023,2023-12-31,USD,7052444037.47,1724031493.78,1553066951.48,13.08,0.2445,24.45,0.2202,22.02,False,False,False,False,False
CMP-1462,IG,Infocore Global,Technology,2023,2023-12-31,USD,15940705304.26,3139468885.68,2435711556.54,3.2098,0.1969,19.69,0.1528,15.28,False,False,False,False,False
CMP-1863,IG,Infocore Global,Technology,2023,2023-12-31,USD,1775342949.02,,305929582.44,6.65,,,0.172,17.2,False,False,False,False,True
CMP-1445,IG,Infocore Global,Technology,2023,2023-03-31,USD,74533817141.12,6502555169.28,1298848759.85,0.55,0.0872,8.72,0.0174,1.74,False,False,False,False,False
CMP-1895,IG,Infocore Global,Technology,2023,2023-12-31,USD,7335805808.12,1157348386.82,839216184.45,4.2,0.1578,15.78,0.1144,11.44,False,False,False,False,False
CMP-1382,IG,Infocore Global,Technology,2024,2024-03-31,USD,56567759822.74,8820000000.0,7258215325.53,7.655,0.1559,15.59,0.1283,12.83,False,False,False,False,False
CMP-1380,IG,Infocore Global,Technology,2024,2024-12-31,USD,15024454659.05,1520000000.0,816211449.39,1.05,0.1011,10.11,0.054,5.4,False,False,False,False,False
CMP-1133,IG,Infocore Global,Technology,2024,2024-09-30,USD,83305764012.97,26288687617.05,22570676002.45,8.0723,0.3156,31.56,0.2709,27.09,False,False,False,False,False
CMP-1665,IG,Infocore Global,Technology,2024,2024-12-31,USD,20547847759.01,625602631.31,17804542.1,0.0488,0.0304,3.04,0.0009,0.09,False,False,False,False,False
CMP-1737,IG,Infocore Global,Technology,2024,2024-09-30,USD,22231075339.05,3887417298.72,3265511566.71,3.26,0.175,17.5,0.14689,14.69,False,False,False,False,False
CMP-1412,IG,Infocore Global,Technology,2024,2024-03-31,USD,75840000000.0,27082093616.33,23905760769.71,,0.357095,35.71,0.3152,31.52,False,False,False,False,True
CMP-1297,IG,Infocore Global,Technology,2024,2024-12-31,USD,83868321038.72,12704325771.56,,43.07,0.1515,15.15,,,False,False,False,False,True
CMP-1421,MS,Micrologic Systems,Technology,2021,2021-09-30,USD,1927179943.47,260362010.36,213818871.43,6.5,0.1351,13.51,0.1109,11.09,False,False,False,False,False
CMP-1306,MS,Micrologic Systems,Technology,2021,2021-09-30,EUR,46613213116.64,9147639132.56,6720000000.0,5.57,0.1962,19.62,0.1441,14.41,False,False,False,False,False
CMP-1826,MS,Micrologic Systems,Technology,2021,2021-12-31,USD,21910890727.27,8420587029.29,7913826643.69,8.84,0.3843,38.43,0.3612,36.12,False,False,False,False,False
CMP-1628,MS,Micrologic Systems,Technology,2021,2021-06-30,USD,81902910589.31,37851344594.36,34939781657.4,21.26,0.4621,46.21,0.4266,42.66,False,False,False,False,False
CMP-1105,MS,Micrologic Systems,Technology,2021,2021-06-30,EUR,41949240099.08,17129999999.999998,16269433513.27,,0.408351,40.84,0.3878,38.78,False,False,False,False,True
CMP-1313,MS,Micrologic Systems,Technology,2022,2022-12-31,USD,31632639039.24,10273617691.73,36377534895.13,19.3,0.3248,32.48,1.15,115.0,False,False,False,True,False
CMP-1908,MS,Micrologic Systems,Technology,2023,2023-09-30,USD,47414887551.39,10512321513.5,7829856587.94,9.6,0.2217,22.17,0.165135,16.51,False,False,False,False,False
CMP-1697,MS,Micrologic Systems,Technology,2023,2023-12-31,USD,68030295427.65,15292691182.18,12050000000.0,5.82,0.2248,22.48,0.177,17.7,False,False,False,False,False
CMP-1918,,Micrologic Systems,Technology,2023,2023-06-30,USD,66612833853.82,15241825219.36,11712990423.22,8.0818,0.229,22.9,0.176,17.6,False,False,False,False,False
CMP-1424,MS,Micrologic Systems,Technology,2024,2024-06-30,USD,54785275912.96,8217629405.11,4468977641.9,4.16,0.0,0.0,0.0816,8.16,False,False,False,False,False
CMP-1391,MS,Micrologic Systems,Technology,2024,2024-12-31,USD,68532770199.98,24670000000.0,20590000000.0,,0.36,36.0,0.3005,30.05,False,False,True,False,True
CMP-1572,NSC,Nexus Software,Technology,2024,2024-06-30,USD,41632981027.59,10617384850.07,8599481385.74,8.87,0.255,25.5,0.2066,20.66,False,False,False,False,False
CMP-1470,NSC,Nexus Software Corp,Technology,2021,2021-09-30,USD,29647435897.44,7400000000.0,5973022413.63,11.53,0.2496,24.96,0.202,20.2,False,False,False,False,False
CMP-1060,NSC,Nexus Software Corp,Technology,2021,2021-12-31,USD,72368946578.21,7879126049.45,4414505741.27,3.487,0.109,10.9,0.061,6.1,False,False,False,False,False
CMP-1884,NSC,Nexus Software Corp,Technology,2021,2021-03-31,USD,,31353889418.87,26821855920.9,12.67,,,0.3842,38.42,False,False,False,False,True
CMP-1049,NSC,Nexus Software Corp,Technology,2021,2021-06-30,USD,56446049654.83,18158694173.96,17015445825.87,6.7,0.3217,32.17,0.3014,30.14,False,False,False,False,False
CMP-1487,,Nexus Software Corp,Technology,2021,2021-09-30,USD,44554519206.87,6764397223.89,5233642156.33,5.95,0.1518,15.18,0.1175,11.75,False,False,False,False,False
CMP-1899,NSC,Nexus Software Corp,Technology,2022,2022-09-30,USD,34747426709.48,15805247315.92,14830000000.0,,0.4549,45.49,0.4268,42.68,False,False,False,False,True
CMP-1165,NSC,Nexus Software Corp,Technology,2022,2022-09-30,USD,50689947140.58,15776238907.0,13567231360.67,8.98,0.3112,31.12,0.2677,26.77,False,False,False,False,False
CMP-1327,NSC,Nexus Software Corp,Technology,2022,2022-09-30,USD,73822818151.55,15447962628.13,13211717354.26,,0.209,20.9,0.178965,17.9,False,False,False,False,True
CMP-1575,NSC,Nexus Software Corp,Technology,2023,2023-12-31,USD,61423853528.43,15289072785.64,12422462607.1,10.95,0.2489,24.89,0.202242,20.22,False,False,False,False,False
CMP-1135,NSC,Nexus Software Corp,Technology,2023,2023-06-30,USD,13040000000.0,2750741967.43,2399455113.21,8.1,0.211,21.1,0.184,18.4,False,False,False,False,False
CMP-1946,NSC,Nexus Software Corp,Technology,2024,2024-12-31,USD,35040000000.0,-11515332.63,-1700825942.31,-2.59,-0.0003,-0.03,-0.0485,-4.85,True,True,False,False,False
CMP-1141,NSC,Nexus Software Corp,Technology,2024,2024-12-31,USD,7090000000.0,1595029641.41,1143720890.37,9.11,0.2251,22.51,0.1614,16.14,False,False,False,False,False
CMP-1654,NSC,Nexus Software Corp,Technology,2024,2024-09-30,EUR,64410000000.0,13513601956.97,9912141040.48,4.0,0.2098,20.98,0.153891,15.39,False,False,False,False,False
CMP-1167,NSC,Nexus Software Corp,Technology,2024,2024-09-30,USD,63041538146.9,14543682850.49,11472431696.23,9.6248,0.2307,23.07,0.182,18.2,False,False,False,False,False
CMP-1885,NSC,Nexus Software Corp,Technology,2024,2024-12-31,USD,27878530792.03,8843069967.23,8270000000.0,15.48,0.3172,31.72,0.2966,29.66,False,False,False,False,False
CMP-1809,NSC,Nexus Software Corp,Technology,2024,2024-03-31,USD,59981056501.66,5839942007.34,3280000000.0,2.46,0.0974,9.74,0.055,5.5,False,False,False,False,False
CMP-1076,NSC,Nexus Software Corporation,Technology,2021,2021-09-30,USD,56167747414.5,14899930191.85,12058626425.42,7.27,0.2653,26.53,0.2147,21.47,False,False,False,False,False
CMP-1227,NSC,Nexus Software Corporation,Technology,2022,2022-12-31,USD,50789962847.75,1914781599.36,50091565.52,0.05,0.0377,3.77,0.1,10.0,False,False,False,False,False
CMP-1194,OG,Omnisoft,Technology,2021,2021-12-31,USD,19207719226.46,1630000000.0,1078136382.14,2.1,0.0849,8.49,0.05613,5.61,False,False,False,False,False
CMP-1936,OG,Omnisoft Group,Technology,2021,2021-12-31,USD,64649654892.69,12888959118.21,10729097004.07,5.19,0.1994,19.94,0.166,16.6,False,False,False,False,False
CMP-1330,OG,Omnisoft Group,Technology,2022,2022-03-31,USD,26975845507.28,4030000000.0000005,3290000000.0,7.24,0.149393,14.94,0.1219,12.19,False,False,False,False,False
CMP-1913,OG,Omnisoft Group,Technology,2023,2023-06-30,USD,71819902386.31,18162052651.4,15175545374.23,6.7742,0.2529,25.29,0.2113,21.13,False,False,False,False,False
CMP-1223,OG,Omnisoft Group,Technology,2023,2023-03-31,USD,33181732851.46,8090602493.69,38160000000.0,35.66,0.2438,24.38,0.0115,1.15,False,False,False,True,False
CMP-1704,OG,Omnisoft Group,Technology,2023,2023-12-31,USD,4951292924.05,1410623354.06,1152859498.74,10.53,0.2849,28.49,0.23284,23.28,False,False,False,False,False
CMP-1602,OG,Omnisoft Group,Technology,2023,2023-03-31,USD,6240177158.32,545126911.94,197563823.3,1.65,0.0874,8.74,0.0317,3.17,False,False,False,False,False
CMP-1265,OG,Omnisoft Group,Technology,2024,2024-06-30,USD,48152357145.04,12576249954.98,10970300780.42,12.43,0.2612,26.12,0.2278,22.78,False,False,False,False,False
CMP-1332,OG,Omnisoft Group,Technology,2024,2024-12-31,USD,54380000000.0,11091774059.12,8602299279.87,5.9,0.204,20.4,0.1582,15.82,False,False,False,False,False
CMP-1515,OG,Omnisoft Group,Technology,2024,2024-06-30,USD,68446340015.0,21223185564.31,19792634622.65,16.87,0.3101,31.01,0.2892,28.92,False,False,False,False,False
CMP-1296,SAI,Synapse AI Inc,Technology,2021,2021-03-31,EUR,66320356407.6,14398067321.11,12723709851.43,4.967,0.217,21.7,0.1919,19.19,False,False,False,False,False
CMP-1123,SAI,Synapse AI Inc,Technology,2021,2021-06-30,USD,51583917733.16,1449775462.99,-171617475.14,-0.1505,0.0281,2.81,-0.003,-0.3,False,True,False,False,False
CMP-1230,SAI,Synapse AI Inc,Technology,2022,2022-12-31,USD,67980437330.52,6081957368.85,2716141679.25,,0.0895,8.95,0.04,4.0,False,False,False,False,True
CMP-1856,SAI,Synapse AI Inc,Technology,2022,2022-12-31,USD,52340000000.0,11650000000.0,9290477864.37,3.06,0.2226,22.26,0.1775,17.75,False,False,False,False,False
CMP-1620,SAI,Synapse AI Inc,Technology,2022,2022-03-31,USD,18456307416.23,6210547445.56,5568937265.31,6.3811,0.3365,33.65,0.3017,30.17,False,False,False,False,False
CMP-1867,SAI,Synapse AI Inc,Technology,2023,2023-03-31,EUR,75229956736.51,26904151187.04,22619553221.04,8.26,0.358,35.8,0.3007,30.07,False,False,False,False,False
CMP-1417,SAI,Synapse AI Inc,Technology,2023,2023-09-30,EUR,7344602561.49,3130000000.0,2720000000.0,6.77,0.4267,42.67,0.3708,37.08,False,False,False,False,False
CMP-1940,SAI,Synapse AI Inc,Technology,2023,2023-03-31,USD,25374819283.27,4153857916.67,3341266298.5,5.96,0.1637,16.37,0.1317,13.17,False,False,False,False,False
CMP-1053,SAI,Synapse AI Inc,Technology,2024,2024-12-31,USD,31350685889.59,10439778401.23,9390000000.0,7.78,0.333,33.3,0.2996,29.96,False,False,False,False,False
CMP-1466,SAI,Synapse AI Inc,Technology,2024,2024-12-31,USD,81320000000.0,8362411070.59,5731835690.36,3.932,0.1028,10.28,0.0705,7.05,False,False,False,False,False
CMP-1569,SAI,Synapse AI Inc.,Technology,2021,2021-12-31,USD,16663832544.41,6120000000.0,5740000000.0,10.47,0.3673,36.73,0.344,34.4,False,False,False,False,False
CMP-1284,SAI,Synapse AI Inc.,Technology,2023,2023-03-31,USD,35763862841.18,2601063768.02,1395436766.91,2.31,0.0727,7.27,0.039,3.9,False,False,False,False,False
CMP-1523,DS,,Technology,2021,2021-03-31,USD,44394666715.35,7278398669.45,6249239487.28,7.38,0.1639,16.39,0.1408,14.08,False,False,False,False,False
CMP-1756,CT,,Technology,2023,2023-12-31,USD,45332970035.4,11343234352.17,10170914894.25,6.7699,0.2502,25.02,0.22436,22.44,False,False,False,False,False
CMP-1019,DS,,Technology,2024,2024-12-31,USD,27741804873.97,9763940092.17,31903075605.06,50.24,0.352,35.2,1.15,115.0,False,False,False,True,False
CMP-1797,CT,,Technology,2024,2024-06-30,USD,55670919166.06,8255538790.38,6500000000.0,1.83,0.148292,14.83,0.1167,11.67,False,False,False,False,False
