Company_ID,Ticker,Company_Name,Sector,Reporting_Period,Revenue,Operating_Profit,Net_Income,EPS,Operating_Margin,Net_Profit_Margin,Currency
CMP-1734,AH,Apex Hydrocarbons,Energy & Power,2022/09/30,"$ 88,978,518,728.81","4,784,446,995.72",2907385844.40,$0.93,5.38,0.0327,USD
CMP-1439,EES,Echo Energy Systems,Other,2021/09/30,"$23,811,152,697.29",,"4,041,541,086.60",USD 10.12,22.61%,17.0%,USD
CMP-1139,VHS,Vitas Health Systems,health care,2021/06/30,#VALUE!,1816299619.45,906988290.09,$0.95,0.0606,3.02,EUR
CMP-1348,CS,CyberNova Systems,,2021/12/31,19.43B,4671178126.33,3633204943.37,8.016,N/A,18.70,usd
CMP-1877, SD ,SteriMed Diagnostics,HEALTHCARE,09/30/2024,"57,507,380,783.87",#VALUE!,-5380680968.12,-$ 5.23,(2.9%),-9.36%,USD
CMP-1899,NSC,Nexus Software Corp,Tech,09/30/2022,34747426709.48,15805247315.92,US$ 14.83B,error,45.49,42.68,$
CMP-1680, NI ,NovaTherapeutics Inc,Bio/Pharma,2023/09/30, 14641132934.87 ,"USD 5,047,966,462.81","4,134,048,366.08",9.61,34.48,28.24%,USD
CMP-1580,BCG,Beacon Capital Group,FINANCE,FY2022,91487243507.91,None,23734613432.77,10.63,0.304,0.2594,USD
CMP-1740,HB,Horizon Bancorp,Banking & Finance,2021/12/31,37383882976.10,null,9091120511.20,7.553,29.00%,null,USD
CMP-1879,GT,GenePure Therapeutics,HealthCare ,2021/12/31,"USD 22,289,626,746.46",6638637075.43,USD 5.71B,13.43,29.78%,25.63,USD
CMP-1699,FGHI,Foundry Global Heavy Industries,Manufacturing ,Q3 2022,,1498207366.40,null,$0.29,3.92,0.66,-
CMP-1309,SEG,solaris energy group,Energy & Power,30-06-2022,"47,579,495,204.82",2128055596.73,"(144,730,177.81)",-0.14,0.0447,-0.30,USD
CMP-1098,VL,Vanguard Logistics,Industrial,2023/09/30,"2,875,913,429.60",(104399230.54),(289565518.17),-3.100,(3.6%),-10.07,CAD
CMP-1857,PFH,  Pinnacle Financial Holdings  ,,FY2022,$4.48B,1651255295.06,1438247166.13,$11.15,36.87,32.11,$
CMP-1642,AD,  Aeroflux Dynamics  ,Industrial,30-09-2023,44049222169.16,NA,1193047936.33,1.2688,9.2%,2.71,USD
CMP-1065,SEG,Solaris Energy Group,ENERGY,2022, 47893289847.94 ,None,6052877987.21,5.59,0.1863,0.1264,USD
CMP-1919, AQC ,APEX QUANTUM CORP,technology,30-06-2023,"$ 10,364,886,060.25",US$ 1.86B,$ 1.17B,2.61,17.96%,11.3%,USD
CMP-1426,AD,  Aeroflux Dynamics  ,Industrial,09/30/2021,$ 28.01B,4542808064.14,3063400105.80,$2.27,0.1622,0.1094,EUR
CMP-1056,UOG,Urban Outfitters Group,Unknown,FY2024, 10818840030.11 ,"240,384,482.11", 10854153.96 ,0.044,0.0222,N/A,USD
CMP-1482,TB,TrendSet Brands,Consumer Discretionary,09/30/2023,41645657662.31,,-2942648265.07,-3.86,-0.68%,-7.07,USD
CMP-1567, EES ,Echo Energy Systems,Energy,2024/09/30,15066706580.37,($1.92B), -2639919617.69 ,N/A,-0.1275,(17.5%),USD
CMP-1640,,Foundry Global Heavy Industries,N/A,FY2023,27808927364.25,"USD 3,693,012,067.95",2252572607.74,2.63,0.1328,8.10%,USD
CMP-1204,NGC,Nordic Gas,ENERGY,2022-03-31,, 4593233650.44 ,"$2,887,014,297.27",2.222,7.49%,4.71%,USD
CMP-1230,SAI,SYNAPSE AI INC,Tech,FY2022,67980437330.52, 6081957368.85 ,"$2,716,141,679.25",,0.0895,4.00%,USD
CMP-1832,VHS,Vitas Health Systems,HEALTHCARE,2022-03-31,USD 3.78B,(150.17M),"(USD 362,744,278.47)",-USD 3.92,(4.0%),-9.60,$
CMP-1746,AHM,atlas heavy machinery,Industrials,03/31/2024,"21,149,403,587.84","693,454,218.80",-441893793.42,,3.28%,-2.09,usd
CMP-1234, CH ,Crestview Holdings,Financial Services,2022-12-31,USD 83.17B,USD 19.51B,15814280087.71,4.7452,23.46,0.1902,$
CMP-1027,LMI,luxe motors international,Consumer Cyclical,FY2021,,"1,546,142,062.56","$ 877,714,808.34",$ 3.33,0.1495,0.0849,USD
CMP-1882,BCG,Beacon Capital Group,Financials,FY2021,USD 19.98B,"$5,839,648,817.63",4538581057.79,6.92,#VALUE!,22.7%,$
CMP-1754,NAI,nextgen apparel inc,consumer cyclical,Q1 2022,N/A,NA,3473309973.36,4.37,14.5%,11.66,USD
CMP-1441,FGHI,Foundry Global Heavy Industries,Manufacturing ,2024-06-30,-,"2,831,755,463.19","1,042,632,839.26",0.695,8.04,0.0296,USD
CMP-1721,MLR,Metro Living Retail,Consumer Cyclical,30-06-2024,"$ 23,927,751,401.71",1711894826.23,null,USD 1.33,0.0715,N/A,usd
CMP-1514,AB,Aegis BioLabs,Bio/Pharma,2024-03-31,US$ 18.26B,1467456607.94,USD 270.72M,0.7,8.04,1.48%,USD
CMP-1243,BCC,bluestone credit corp,FINANCE,2023/12/31,3220773552.32,992974858.81,788439815.71,3.91,30.83%,0.2448,USD
CMP-1775,PE,Pioneer Equipment,Industrial,2024/03/31,"$ 24,922,226,219.45",3464821446.18,2791516952.46,N/A,#VALUE!,0.112,$
CMP-1101,IG,  InfoCore Global  ,Tech,FY2023,7052444037.47, 1724031493.78 ,1553066951.48,13.08,24.45,22.02,usd
CMP-1405,CT,CloudScale Technologies,IT,2022/03/31,62397180190.63,"4,959,014,491.65",1310948084.33,0.33,7.95,0.021,USD
CMP-1784,PE,Pioneer Equipment,Manufacturing ,30-06-2021,"USD 33,270,145,207.44",$ 3.89B,2164655437.00,1.93,11.69,6.51%,USD
CMP-1124,TMW,titan machine works,Industrial,30-09-2023,"USD 29,715,980,153.12",1546642015.71,"($45,500,374.94)",-$ 0.06,5.20%,-0.15,USD
CMP-1034,mlr,Metro Living Retail,Consumer Discretionary,06/30/2024,"$15,737,743,141.32",1355662743.65,$ 645.36M,0.7,null,None,USD
CMP-1232,BL,BioGenix Laboratories,Health Care,2022-03-31,"61,769,409,010.05","(USD 3,773,842,951.00)",-6682876194.28,(5.87),(6.1%),-0.1082,USD
CMP-1057,VHS,,HEALTHCARE,2021,"11,578,025,307.11",3.55B,null,$ 13.86,30.63%,0.2393,USD
CMP-1695, DS ,DataSphere Solutions,IT,2021-03-31,$ 69.48B,None,USD 15.79B,13.30,0.2746,22.7%,USD
CMP-1026,MLR,METRO LIVING RETAIL,Cons. Cyclical,31-12-2022,NA,5629888217.80,$ 2.38B,$ 2.38,0.1101,4.65%,USD
CMP-1666,HCP,Helios Clean Power, Oil & Gas ,06/30/2024,TBD,"(1,363,515,611.34)",-1585624005.66,(2.60),-13.47,-15.67,USD
CMP-1293,VHS,Vitas Health Systems,Health Care,FY2021,US$ 51.86B,7660071486.59,$5.82B,$3.98,14.77%,11.22%,USD
CMP-1362,PEC,petrodyn energy corp,energy,2021-09-30,4602484354.78, 1035342847.09 ,"$ 804,847,710.50",error,22.50%,,USD
CMP-1334,PHG,pulse health group,Health Care,31-03-2024, 20070811808.10 ,-3108278.97,null,-3.16,-0.02,(5.4%),USD
CMP-1150,CFC,Continental Freight Corp,industrials,2022-09-30,$37.91B,"USD 1,850,616,103.92",US$ 74.54M,0.08,-,0.0020,USD
CMP-1470,NSC,Nexus Software Corp,Tech,2021-09-30,TBD,USD 7.40B, 5973022413.63 ,11.53,24.96,20.2%,USD
CMP-1083,AHM,Atlas Heavy Machinery,Manufacturing ,2021/06/30,"USD 27,673,703,636.70","$3,162,073,826.09",$ 2.07B,3.29,11.4%,7.49%,USD
CMP-1866,,Nordic Gas Corp,energy,2021-06-30,,-4138516177.32,"-$7,775,713,128.91",-7.6875,-0.071,(13.3%),$
CMP-1632,NGC,Nordic Gas Corporation,Energy,12/31/2022,"33,395,033,554.40",None,8323736434.82,13.240,31.80,24.9%,USD
CMP-1316,ALG,Aura Lifestyle Goods,Consumer Discretionary,2024-06-30,15297846068.20,US$ 1.96B,1491490809.93,4.2,12.80%,9.7%,USD
CMP-1531,PSC,Precision Systems Corp,Industrials,2021-06-30,null,537210504.50,USD 422.16M,3.76,15.28%,12.01,
CMP-1172,BCC,bluestone credit corp, Financial Services ,FY2021,89788842807.1,USD 10.95B,103.26B,37.12,12.20%,115.00%,$
CMP-1597,VRI,Vortex Resources Inc,Energy,2021-06-30,27054925146.87,$ 332.15M,-$1.30B,($2.72),1.23%,-4.79%,USD
CMP-1345,NGC,  Nordic Gas Corp  ,Other,2022,11859755732.52,"USD 3,016,783,236.22","2,456,712,736.53",$ 3.16,25.4%,20.71%,USD
CMP-1755,NAI,NextGen Apparel Inc,consumer cyclical,2024/09/30, 22716499417.37 ,3.26B,"$1,812,476,404.23",3.4639,14.33%,N/A,USD
CMP-1658,AF,Apex Financial,Fin Services,31-03-2024,"$76,233,333,557.94",16041998576.80,11284878131.26,NA,21.04%,14.80%,usd
CMP-1359,ds,DataSphere Solutions,TECHNOLOGY,09/30/2022,57942849908.93,"$ 1,714,099,811.51","USD 29,590,065.92",$0.02,0.0296,0.1%,
CMP-1164,BI,ByteWave Interactive,Information Technology,2024/03/31,"5,527,366,244.61",$ 816.74M,517851329.08,USD 4.61,14.78,9.37%,USD
CMP-1914,vhs,Vitas Health Systems,HealthCare ,30-06-2023, 59485742755.02 ,-,12524558371.78,$ 8.03,25.47,21.05%,USD
CMP-1943,BI,  ByteWave Interactive  , Tech ,2023-03-31,23114138477.15,3155001997.84,"$2,598,841,576.93",6.71,0.1365,11.24%,usd
CMP-1923,AH,Apex Hydrocarbons,Energy & Power,06/30/2022,"57,431,472,265.84",US$ 5.72B,"4,100,310,349.34",$ 1.82,10.0%,7.14,USD
CMP-1108,PHG,Pulse Health,Healthcare,2024-06-30,$ 14.60B,"2,352,038,559.47",1335463867.06,1.7,16.11%,9.15,USD
CMP-1526, BL ,BioGenix Laboratories,Healthcare,31-12-2024,"USD 20,656,172,479.40",7970162842.23,6935367682.12,18.5213,38.58,33.6%,USD
CMP-1957,BCG,Beacon Capital Group,Financial Services,FY2023,$ 41.16B,12862998531.85,11055169796.11,,31.25,26.86,$
CMP1836,TMW,TITAN MACHINE WORKS,industrials,2022-06-30,"$ 35,629,792,713.91",(4372947800.21),"-$ 6,578,842,461.97",-5.773,-0.1227,-0.1846,$
CMP-1915,PEC,PetroDyn Energy Corp,Energy & Power,30-09-2023,"29,650,252,600.76","$ 1,625,198,290.68",$182.65M,USD 0.18,5.48,0.62%,USD
CMP-1829,TO&G,Titan Oil & Gas Ltd,energy,2021-09-30,13460532130.43,"1,520,787,612.70",$ 860.75M,$2.41,N/A,6.39%,EUR
CMP-1420,UOG,  Urban Outfitters Group  ,Consumer Discretionary,2021/03/31,$ 9.66B,US$ 936.43M,"374,116,101.52",1.0,0.097,0.0387,-
CMP-1613,SLB,Summit Leisure Brands,Consumer Cyclical,2021-06-30,-,"2,911,515.39",-512747391.68,($2.49),0.0003,-5.53,usd
CMP-1799,AQC,Apex Quantum Corp,Information Technology,2022-09-30, 52716798073.08 ,US$ 15.58B,13042147328.81,$10.66,29.56%,24.74,USD
CMP-1758,VM,  Velocity Motors  ,consumer cyclical,30-09-2023,"21,613,079,588.02",1557757949.27,576734794.38,$0.90,7.21%,2.67,usd
CMP-1707,AD,Aeroflux Dynamics,INDUSTRIALS,FY2023,47060055316.31,"3,437,144,561.83",2337109776.46,USD 1.90,150.0%,0.0497,USD
CMP-1330,OG,OmniSoft Group,IT,2022-03-31,26975845507.28,USD 4.03B,$3.29B,$ 7.24,N/A,12.19%,USD
CMP-1046, VTC ,Vanguardian Trust Co,Financial Services,2024-03-31,"USD 108,080,041,442.45",USD 14.70B,10649707575.77,4.7,13.60,9.9%,USD
CMP-1576,AS,AlphaBio Sciences,Bio/Pharma,FY2023,8561950161.02,788.71M,"277,470,336.95",0.89,9.21%,3.24,USD
CMP-1535,SWP,STERLING WEALTH PARTNERS,Financial Services,31-12-2021,35430612138.01,7874346924.53,USD 5.52B,USD 5.12,0.2222,15.57,USD
CMP-1224,VRB,  Velox Retail Brands  ,Consumer Discretionary,2024-12-31,"$39,575,620,194.62","USD 4,528,955,518.47",2795443619.03,$ 3.17,11.44%,7.06,USD
CMP-1547,FGHI,Foundry Global Heavy Industries,Manufacturing ,03/31/2024,43.85B,($ 498.94M), -2718916860.30 ,(3.37),N/A,-6.20%,USD
CMP-1942,AS,AlphaBio Sciences,HEALTHCARE,03/31/2022,USD 25.85B,"$5,870,777,624.64",USD 4.89B,$ 8.55,-120.5%,18.91%,USD
CMP-1048,VTC,Vanguardian Trust Co,Fin Services,2024-12-31,N/A,23348173535.75,21769671601.92,5.521,30.26%,28.22,$
CMP-1276,AB,Aegis BioLabs,HEALTHCARE,FY2021,USD 44.74B,5376576339.57,#VALUE!,$1.17,12.02,-,USD
CMP-1685,VRI,  Vortex Resources Inc  ,,2023/03/31,16311863228.10,USD 2.95B,"USD 1,991,877,326.79",5.04,18.11,N/A,USD
CMP-1019,DS,,Tech,FY2024,"27,741,804,873.97",9763940092.17,"$ 31,903,075,605.06",50.24,35.20%,115.00%,$
CMP-1395,PC,PrimeConsumer Corp,Consumer Cyclical,2023/12/31,27690877597.84,$1.72B,610817327.99,0.5,,2.2%,USD
CMP-1824,AQC,apex quantum corp, Tech ,03/31/2021, 82264560328.12 ,1294384161.93,"(USD 3,634,468,988.70)",-1.3113,0.0157,(4.4%),USD
CMP-1637,BL,  BioGenix Laboratories  ,Healthcare,FY2021,USD 51.05B,7.32B,3770195932.69,USD 2.92,0.1434,0.0738,USD
CMP-1113, PFH ,Pinnacle Financial Holdings,Fin Services,12/31/2021,22818102818.93,$8.62B,"7,631,423,041.99",9999.0,37.8%,33.44%,usd
CMP-1913,OG,OmniSoft Group, Tech ,2023-06-30,"71,819,902,386.31", 18162052651.40 ,null,6.7742,25.29%,21.13%,USD
CMP-1803,bcg,beacon capital group, Financial Services ,30-09-2023,$ 63.46B,$ 18.78B,16838896028.06,15.9,29.59%,0.2653,USD
CMP-1586, SD ,SteriMed Diagnostics,Healthcare,2021-03-31,44726914994.59,"$13,521,557,290.30",12326375560.14,7.85,30.23%,0.2756,USD
CMP-1575,NSC,Nexus Software Corp,TECHNOLOGY,2023-12-31,"$ 61,423,853,528.43",15289072785.64, 12422462607.10 ,10.95,0.2489,,USD
CMP-1073,GT,genepure therapeutics,health care,2023-06-30,"21,046,334,223.35",5947747854.72,"4,690,033,449.01",6.06,0.2826,22.28,USD
CMP-1817,SWP,Sterling Wealth Partners,FINANCE,FY2023, 96376045388.65 ,"29,027,295,623.88", 22294282460.89 ,3.78,0.3012,23.13,USD
CMP-1543,VL,Vanguard Logistics,industrials,2023-09-30,18498205720.19,1238748984.06,446807029.67,0.763,6.70,0.0242,USD
CMP-1030,,vitas health systems,Healthcare,2024/06/30,531332314.08, -146025086.27 ,(162552385.40),(6.24),-0.2748,-30.59,usd
CMP-1321, AH ,Apex Hydrocarbons, Oil & Gas ,2021,24893609390.26,4915497128.63,"3,600,197,640.86",$ 4.29,19.75,0.1446,USD
CMP-1502,AQC,Apex Quantum Corp,IT,03/31/2021,#VALUE!, 9215830423.88 ,6.95B,4.0474,15.22%,0.1148,USD
CMP-1645,AF,Apex Financial,Fin Services,FY2022,29.25B,"$7,735,445,729.72","6,418,104,638.52",$ 10.00,0.2644,21.94%,USD
CMP-1103,CFC,Continental Freight Corp,INDUSTRIALS,31-03-2021,36191747510.20,"USD 2,771,682,691.99",1366973145.9,0.71,#VALUE!,3.78,EUR
CMP-1703,SWP,STERLING WEALTH PARTNERS,Financials,06/30/2022,"$ 52,102,195,488.03","$13,798,977,542.23",USD 10.97B,6.31,N/A,21.06,$
CMP-1173,AF,Apex Financial, Financial Services ,03/31/2022,$ 65.36B,"$18,406,648,098.82",14.14B,USD 9.32,0.2816,21.63,USD
CMP-1853,VL,Vanguard Logistics,Manufacturing ,2021-06-30,"20,707,692,052.12",1979576632.39,US$ 947.39M,2.7,0.0956,4.58,USD
CMP-1451,BCG,  Beacon Capital Group  ,Financials,03/31/2024,"96,657,183,261.79","$ 45,299,497,072.44",42062347867.55,22.68,46.9%,43.52,USD
CMP-1171,OAM,Orbital Aerospace Mfg,Industrial,2021-09-30,"18,168,099,280.86",US$ 3.20B,"$ 2,419,976,223.47",3.8,17.63%,13.3%,USD
CMP-1097,AHM,atlas heavy machinery,Manufacturing ,2022/09/30,"USD 37,926,916,677.00",994965901.01,63469253.94,$ 0.06,0.0262,0.2%,EUR
CMP-1540,AD,Aeroflux Dynamics,Ind.,Q1 2024,29226501650.66, 5099654470.43 ,,-,17.45%,10.67%,-
CMP-1233,TB,TRENDSET BRANDS,consumer cyclical,2023-06-30,40299146263.88,"$ 2,676,882,350.77",#VALUE!,-,6.6%,0.61%,USD
CMP-1361,VTC,Vanguardian Trust Co,Banking & Finance,2024-03-31,58180413912.37,10837684314.32,"$7,329,427,028.26",$5.01,18.63,0.1260,USD
CMP-1192,AD,AEROFLUX DYNAMICS,Industrial,FY2023,USD 16.09B,$2.73B,$1.67B,USD 3.17,16.97,10.37,USD
CMP-1313,MS,MicroLogic Systems,IT,12/31/2022,"31,632,639,039.24",10273617691.73,"$36,377,534,895.13",19.3,32.48,115.0%,None
CMP-1477,PSC,Precision Systems,Ind.,2023/03/31,4033009554.36,"$ 486,631,345.49",313.55M,$ 2.86,12.07%,0.0777,USD
CMP-1913,OG,OmniSoft Group, Tech ,2023-06-30,"71,819,902,386.31", 18162052651.40 ,null,6.7742,25.29%,21.13%,USD
CMP-1029,PSC,Precision Systems Corporation,Manufacturing ,FY2021,20569920919.43,"3,231,920,986.40","$1,979,197,615.71",5.17,15.71%,9.6%,USD
CMP-1160,VRI,Vortex Resources Inc,Energy,2023-03-31,73217082186.64,"2,810,052,534.79",-211749843.51,(0.11),3.84%,-0.0029,USD
CMP-1187,FGHI,Foundry Global Heavy Industries,Manufacturing ,FY2023,US$ 29.17B,"USD 4,111,389,859.30",2909415201.83,4.802,14.09,9.97%,USD
CMP-1210,BL,BioGenix Laboratories,HEALTHCARE,2023-03-31,$924.08M,TBD,"(167,997,015.85)",(9.41),(11.7%),-0.1818,USD
CMP-1246,PFH,pinnacle financial holdings,Fin Services,2023/12/31,"57,741,111,750.38",21478697595.56,17482771682.21,15.009,0.372,30.28,
CMP-1700,ah,Apex Hydrocarbons,Energy & Power,2021-12-31,"$54,529,995,407.08",8318792519.44,6443962041.62,3.40,N/A,0.1182,USD
CMP-1350,NI,NovaTherapeutics Inc,Bio/Pharma,2021-09-30,33778789491.04,2611806943.99, 1359884227.49 ,-,7.73%,#VALUE!,USD
CMP-1175,GT,GenePure Therapeutics,HEALTHCARE,Q4 2022,$ 51.63B,"USD 12,443,917,808.44",9810696116.20,7.41,24.10,19.00,USD
CMP-1955,SLB,Summit Leisure Brands,Retail & Consumer,12/31/2024,12909971963.45,439563819.62,N/A,(USD 0.84),N/A,-1.72,USD
CMP-1046, VTC ,Vanguardian Trust Co,Financial Services,2024-03-31,"USD 108,080,041,442.45",USD 14.70B,10649707575.77,4.7,13.60,9.9%,USD
CMP-1605,PHG,pulse health group,Bio/Pharma,2021/06/30,"$ 8,768,137,325.94","2,563,685,976.90",2112320813.33,NA,29.24%,24.09%,USD
CMP-1283,BI,  ByteWave Interactive  ,Information Technology,2021-12-31,"$12,967,262,117.61",USD 4.89B,"$ 4,352,442,324.11",$19.29,37.73%,33.56,USD
CMP-1263,AHM,ATLAS HEAVY MACHINERY,Manufacturing ,FY2024, 3765145552.40 ,"411,984,239.87",USD 176.44M,1.75,10.94,4.7%,USD
CMP-1135,NSC,Nexus Software Corp,Tech,30-06-2023,$ 13.04B,2750741967.43,"2,399,455,113.21",8.1,21.10%,18.40,USD
CMP-1499,PE,Pioneer Equipment,INDUSTRIALS,2024,US$ 26.01B,"$ 3,947,528,927.76","$ 2,503,480,252.37",2.8,0.1518,9.62,USD
CMP-1079, AQC ,Apex Quantum Corp,IT,06/30/2024,40324079750.73,"17,929,726,307.54","16,774,034,411.77",14.36,0.4446,0.416,CAD
CMP-1920,NAI,  NextGen Apparel Inc  ,consumer cyclical,09/30/2021,$34.29B,$ 1.27B,"-350,580,591.51",($0.35),0.0371,-1.02,USD
CMP-1279,TB,TrendSet Brands,,FY2022,17866201031.31,"865,647,397.32","71,813,503.08",0.20,0.0485,0.40,usd
CMP-1748,GRB,,Financials,30-09-2023,"20,084,553,470.11",5848832751.51,"5,285,096,691.81",4.94,29.12,26.3%,USD
CMP-1570,AB,Aegis BioLabs,Bio/Pharma,Q3 2023,17624480173.13,2816012961.26,2157494493.35,5.03,16.0%,12.24%,USD
CMP-1193, GT ,GenePure Therapeutics,Health Care,2024-06-30,22604201867.10,-5002716293.04,-6288331684.86,(9.83),-22.13,-0.2782,usd
CMP-1215,VM,Velocity Motors,Retail & Consumer,FY2023,1333565026.77,104208111.72,59621874.69,1.76,0.0781,0.0447,USD
CMP-1366,VRB,VELOX RETAIL BRANDS,Consumer Discretionary,2024-12-31,TBD,"$ 8,562,321,262.07",7440887035.37,NA,18.9%,16.44,USD
CMP-1948,VRI,Vortex Resources Inc,ENERGY,12/31/2021, 78299318598.26 , 31674020637.62 ,"30,044,610,262.02",19.89,40.45,38.37,USD
CMP-1565, BCG ,Beacon Capital Group,Financial Services,FY2022,"USD 99,256,870,961.06",#VALUE!,$23.20B,USD 6.54,30.29,23.37%,USD
CMP-1505,VHS,Vitas Health Systems,Health Care,2023-12-31,8277107022.37,2864054303.33,"2,418,672,460.51",8.66,34.60%,29.22%,USD
CMP-1089,TPC,TerraGreen Power Co,Enrgy,2024-09-30,76428947921.37,,$28.08B,USD 8.44,40.15,36.7%,usd
CMP-1421,MS,  MicroLogic Systems  ,technology,Q3 2021,1927179943.47,,213818871.43,$ 6.50,0.1351,11.09,USD
CMP-1085,GRB,Global Reserve Bank,Banking & Finance,2022/03/31,USD 108.67B,US$ 31.20B,"$27,961,747,518.49",4.66,28.71,null,USD
CMP-1634,SEG,Solaris Energy Group,ENERGY,Q1 2023,USD 74.25B,"($ 19,989,077,730.36)",(22598495752.69),-USD 5.47,-0.2692,-30.44,USD
CMP-1305,OAM,Orbital Aerospace Mfg,Industrials,FY2023,-,6171449654.59,5232013100.96,7.39,15.77%,13.37,USD
CMP-1731,AD,Aeroflux Dynamics,Manufacturing ,06/30/2024,"17,761,334,285.61",2906690591.50,1756336846.25,4.4,16.37%,9.89,USD
CMP-1452,AB,Aegis BioLabs,Healthcare,2022-06-30,32426758892.54,"$ 10,653,627,727.03","$ 8,857,702,596.99",$13.79,32.85%,27.32%,USD
CMP-1382,IG,infocore global,Tech,2024-03-31, 56567759822.74 ,US$ 8.82B,7258215325.53,7.655,15.59,12.83%,USD
CMP-1284,SAI,Synapse AI Inc.,Tech,2023/03/31,35763862841.18,"2,601,063,768.02",1395436766.91,2.31,0.0727,3.9%,USD
CMP-1952,AB,aegis biolabs,health care,FY2024,43.83B,"$3,396,619,804.49",1037741348.69,$0.99,7.75,2.37%,usd
CMP-1316,ALG,Aura Lifestyle Goods,Consumer Discretionary,2024-06-30,15297846068.20,US$ 1.96B,1491490809.93,4.2,12.80%,9.7%,USD
CMP-1782,PFH,PINNACLE FINANCIAL HOLDINGS,Fin Services,2022,22794069583.59,6888974452.32,"$ 5,996,815,976.99",USD 13.68,30.22,26.31%,USD
CMP-1220,SEG,solaris energy group, Oil & Gas ,03/31/2023,13.44B,"$ 5,800,134,782.01","$ 5,084,659,543.40",8.66,43.17,37.84,None
CMP-1794,AQC,Apex Quantum Corp, Tech ,Q3 2021, 63633404937.34 ,16813988184.57,"12,367,195,814.55",5.0273,0.2642,19.4%,USD
CMP-1040,TB,TrendSet Brands,consumer cyclical,2024-06-30,2338555271.36,426543822.34,"377,833,139.18",$6.15,18.24,16.16,USD
CMP-1125,CH,Crestview Holdings,FINANCE,FY2024, 92746511490.76 ,23150786582.18,"$ 18,883,688,845.72",10.862,24.96,20.36%,USD
CMP-1239,VRI,vortex resources inc,Energy,2024,78.83B,9895463778.3,"$8,172,943,291.20",$ 4.34,12.55%,10.37%,USD
CMP-1114,GT,genepure therapeutics,Healthcare,2023/03/31,"USD 37,970,954,781.36",-5924723609.91,(USD 8.23B),-9.93,999%,-21.67,USD
CMP-1337,AD,Aeroflux Dynamics,Industrial,Q2 2023,"32,833,915,594.51",null,$ 30.87M,0.04,4.58,0.1%,$
CMP1804,MLR,Metro Living Retail,Cons. Cyclical,2022-03-31,"$ 53,963,373,141.95",7938414685.3,4929686380.6,3.81,14.71%,9.1%,USD
CMP-1627,BI,ByteWave Interactive, Tech ,2022-12-31,50646922615.75,-4895380613.79,-5933449616.14,(4.20),-0.0967,-11.72,USD
CMP-1274,VTC,Vanguardian Trust Co,Fin Services,31-12-2024,91395039929.49,30507868640.22,"27,117,696,828.34",$ 12.90,0.3338,29.67,USD
CMP-1154,,METRO LIVING RETAIL,Retail & Consumer,30-06-2021,"$5,687,857,746.86","USD 298,688,782.16","139,234,987.54",0.57,5.3%,N/A,usd
CMP-1447, SLB ,SUMMIT LEISURE BRANDS,Consumer Discretionary,FY2021,"$ 22,752,939,062.59",2282648342.67,1036221696.51,0.69,10.03%,4.55%,USD
CMP-1497, VTC ,Vanguardian Trust Co, Financial Services ,12/31/2023,63429734768.08,"$16,141,269,436.41",$12.59B,10.9301,25.45%,0.1985,USD
CMP-1407,BCC,BlueStone Credit Corp,FINANCE,2024/12/31,"16,712,031,775.76",US$ 4.65B,"$ 3,872,431,460.28",USD 5.72,27.85%,23.17,None
CMP-1256,NAI,NextGen Apparel Inc,Retail & Consumer,03/31/2023,3275562943.33,"188,659,467.07","(1,034,684.46)",-0.015,5.76%,null,usd
CMP-1651,MLR,metro living retail,Retail & Consumer,30-09-2022,"$32,686,495,352.30",$3.27B,2492559487.91,3.3,9.99,7.63,None
CMP-1354,VRB,VELOX RETAIL BRANDS,Cons. Cyclical,2022-12-31,35646361807.09,"$ 2,311,269,417.09",($53.93M),(0.03),0.0648,(0.2%),USD
CMP-1935,ngc,Nordic Gas Corp,Enrgy,2022/12/31,"15,749,215,367.70",USD 290.00M, -475412205.83 ,($1.55),0.0184,(3.0%),USD
CMP-1868, ALG ,Aura Lifestyle Goods,Consumer Cyclical,2021-06-30,"USD 15,560,720,711.60",2170339604.91,17894828818.34,USD 68.49,0.1395,115.00,USD
CMP-1102,CH,Crestview,Fin Services,FY2022,45100214252.01,"USD 17,834,222,789.06",14796162814.52,19.48,39.54%,32.81,usd
CMP-1380,IG,InfoCore Global,Tech,31-12-2024,"15,024,454,659.05",1.52B,"816,211,449.39",1.05,10.11,5.4%,USD
CMP-1136,CS,CyberNova Systems,N/A,30-09-2024,15582525161.27,4825661274.36,,12.0,31.0%,26.60%,USD
CMP1820,LMI,luxe motors international,Consumer Cyclical,12/31/2021,53.65B,5395964365.87,1.81B,USD 0.63,10.06,3.37,USD
CMP1241,AF,Apex Financial,Banking & Finance,2022,USD 38.04B,"15,512,537,008.72","$ 13,725,612,665.46",18.3,0.4078,36.08%,USD
CMP-1827,OMG,OmniCare Medical Group,Healthcare,FY2021,"52,601,814,727.74",-1692241392.79,"($3,130,695,677.54)",-1.810,-3.22%,-5.95%,USD
CMP-1876,VRI,Vortex Resources Inc,Energy,03/31/2023,"USD 1,149,967,429.76","292,529,042.63", 245886508.07 ,$ 7.08,25.44%,21.38,USD
CMP-1389,SI,SteelCore Industries,,12/31/2023,USD 23.91B,"736,529,107.54",,-2.0691,3.08,-3.88,USD
CMP-1553, PEC ,PetroDyn Energy Corp,energy,Q2 2024,"USD 75,946,942,178.98","(USD 4,330,918,208.22)","(8,972,880,274.78)",($ 6.33),-5.70%,-0.1181,USD
CMP-1078,PHG,Pulse Health Group,Healthcare,2024-09-30,"$1,014,425,281.84",113633167.13,"$88,382,389.20",3.23,11.20,0.0871,usd
CMP-1912, PFH ,Pinnacle Financial Holdings,Fin Services,2021/06/30,"$87,860,126,745.96",21.98B,"16,561,092,713.68",7.410,25.01,18.85%,USD
CMP-1648,NI,NovaTherapeutics,Healthcare,Q3 2024,29004563187.12,6429089975.95,5498076663.90,$11.04,0.2217,18.96,USD
CMP-1667,PFH,Pinnacle Financial Holdings,FINANCE,30-06-2024,21274046121.07,6026034347.52,,6.1,150.0%,22.0%,USD
CMP-1677,VM,velocity motors,Retail & Consumer,2021/06/30,42128516603.32,-USD 842.43M,"(USD 1,685,022,670.87)",-1.350,-2.00%,(4.0%),$
CMP-1300,UOG,  Urban Outfitters Group  ,Cons. Cyclical,Q1 2024,"USD 1,922,850,672.65","133,175,256.93", 81958614.63 ,1.73,0.0693,4.26%,None
CMP-1312,TB,TrendSet Brands,consumer cyclical,2021/06/30,US$ 47.77B,6495167916.02,4523553009.50,2.89,13.60%,9.47,USD
CMP-1152,AF,  Apex Financial  ,Fin Services,2022-03-31,TBD, 14377924096.44 ,12714593717.84,error,41.96%,37.10,USD
CMP-1670,TO&G,Titan Oil & Gas Ltd,energy,12/31/2021,84991911589.39,33485892040.09,29761819581.72,13.09,39.40,35.0%,USD
CMP-1599,EES,Echo Energy Systems,ENERGY,Q2 2022,61024985985.62,USD 15.50B,"11,293,038,641.78",7.8,25.40,18.51%,usd
CMP-1314,BI,bytewave interactive,Technology,FY2024,US$ 73.72B,"$ 2,401,954,313.09",(1.75B),(USD 0.87),3.26%,None,USD
CMP-1404,VHS,Vitas Health Systems,Healthcare,Q4 2023, 29280019401.48 ,$ 2.02B,824415526.14,USD 1.47,0.0689,0.0282,USD
CMP-1484,MAG,MERIDIAN ASSET GROUP,Financials,2022-12-31,"USD 118,203,261,840.06",32375360114.77,"USD 24,637,655,174.79",,27.4%,null,USD
CMP-1371,SD,SteriMed Diagnostics,health care,2022/06/30,$ 8.94B,,"($1,558,791,793.75)",($ 5.79),-0.1196,(17.4%),usd
CMP-1381,MAG,  Meridian Asset Group  ,Banking & Finance,2023-12-31,"$54,209,401,070.10",null,15456899565.91,8.737,34.3%,28.51,USD
CMP-1226, FGHI ,foundry global heavy industries,Industrial,FY2022,1613048506.73,"USD 246,037,773.37","$209,629,186.65",4.85,15.25,13.0%,USD
CMP-1508,mag,Meridian Asset Group,Financials,2023/09/30,-,"$14,107,044,492.70",,USD 17.13,38.29%,31.60,CAD
CMP-1953,GRB,GLOBAL RESERVE BANK,FINANCE,FY2024,USD 72.50B,"USD 26,785,662,697.65",$ 22.86B,12.89,36.95,0.3153,-
CMP-1760,EES,Echo Energy Systems,Enrgy,2022/06/30,"USD 45,317,099,482.32",22892078106.82,20425396714.57,11.898,0.5052,45.07%,USD
CMP-1104,UOG,URBAN OUTFITTERS GROUP,Consumer Discretionary,2024-06-30,$ 42.77B,None,-4599084732.01,(2.15),150.0%,-,USD
CMP-1631,HCP,Helios Clean Power,Other,30-06-2024,N/A,4926867788.23,"3,271,701,643.60",4.44,17.46%,11.59,$
CMP-1797,CT,,Technology,06/30/2024,55670919166.06,"8,255,538,790.38",6.50B,1.83,null,11.67,$
CMP-1455,SEG,solaris energy group,Energy,Q3 2024,"70,020,164,295.60",,"$3,202,645,517.93",$ 2.61,0.1157,4.57,usd
CMP-1790,VL,Vanguard Logistics,,2021-03-31,#VALUE!,USD 851.69M,223644237.18,0.6,-,1.90%,USD
CMP-1785,EES,  Echo Energy Systems  ,Energy,2021-06-30,25968870986.62,3388702883.78,"$ 2,621,418,071.26",4.67,13.0%,10.09,USD
CMP-1266,AQC,Apex Quantum Corp,Tech,2022-12-31,"67,811,597,933.35",22510710729.89,$ 18.21B,12.591,33.20,26.86%,EUR
CMP-1534,VRB,Velox Retail Brands,Consumer Discretionary,03/31/2021,"$402,268,373.91","$58,356,580.22",38805358.86,3.67,14.5%,9.65,usd
CMP-1792, NI ,  NovaTherapeutics Inc  ,health care,2024,58570381348.23,$ 4.39B,1.53B,NA,7.5%,2.61%,USD
CMP-1476,PC,PrimeConsumer,Retail & Consumer,31-12-2023,$ 47.32B,2946603245.74,,0.27,6.23,0.0069,USD
CMP-1351,,Horizon Bancorp,Fin Services,FY2022,"$ 48,039,086,873.36","13,355,176,506.13",11000847226.32,8.934,27.80%,22.90%,USD
CMP-1635,BL,BioGenix Laboratories,,2024-12-31,"USD 14,897,039,798.01",$ 2.89M,"-$478,736,677.59",-1.18,0.02,null,USD
CMP-1121,LMI,LUXE MOTORS INTERNATIONAL,Retail & Consumer,2023-03-31,54984500263.41,4215711258.82,US$ 376.04M,$ 0.27,7.7%,0.7%,$
CMP-1595,AQC,Apex Quantum Corp,Tech,09/30/2021,42627969145.77,"$ 12,491,397,125.03",$ 9.95B,$10.92,,23.33,USD
CMP-1429,HCP,Helios Clean Power,Energy,2024-09-30,"$ 23,245,461,268.17",-4895936559.94, -5502063562.15 ,(5.65),null,(23.7%),USD
CMP-1684,swp,Sterling Wealth Partners,Fin Services,2022-03-31,TBD,15631032476.96,12278099028.31,USD 8.11,999%,17.29%,EUR
CMP-1828,ALG,Aura Lifestyle Goods,Consumer Discretionary,2024-03-31,"USD 47,569,774,810.01",,"(3,960,487,926.18)",error,(3.5%),-8.33%,USD
CMP-1039,AH,apex hydrocarbons,Energy,30-06-2022,"79,436,085,833.18",$ 31.03B,28166418112.43,$ 8.29,39.1%,0.3546,$
CMP-1061,VL,Vanguard Logistics,Ind.,2021-06-30,33445906664.80,2478088423.61,"$855,859,655.92",0.4957,7.41%,2.6%,USD
CMP-1080,AHM,Atlas Heavy Machinery,Industrial,2021/03/31,"USD 19,200,406,682.95",$4.19B,,6.2,21.80%,0.1957,USD
CMP-1725,GRB,Global Reserve Bank, Financial Services ,06/30/2021,$25.96B,8744677524.67,"7,873,821,454.75",7.93,33.68,0.3033,USD
CMP-1424,MS,MicroLogic Systems,technology,30-06-2024,54785275912.96,8217629405.11,4468977641.90,$4.16,0.0%,0.0816,$
CMP-1636,MAG,MERIDIAN ASSET GROUP,FINANCE,30-06-2023,USD 89.77B,$ 18.90B, 12801624549.51 ,8.19,21.05,14.3%,usd
CMP-1296,SAI,  Synapse AI Inc  , Tech ,31-03-2021,66320356407.60,14398067321.11,12723709851.43,4.967,21.7%,19.19%,EUR
CMP-1111,CFC,Continental Freight Corp,industrials,09/30/2023,43267445542.31,#VALUE!,9429074140.94,6.02,24.02%,21.79%,usd
CMP-1927,AF,APEX FINANCIAL,FINANCE,31-03-2021,94548423390.47,25702773074.72,22.36B,3.976,0.2718,0.0%,USD
CMP-1126,VHS,Vitas Health Systems,Bio/Pharma,06/30/2024,35909791973.24,"$ 11,284,751,793.36",9842106664.38,5.76,31.43%,27.41,$
CMP-1598,SD,SteriMed Diagnostics,Healthcare,2022/09/30,26379266928.73,$ 2.78B,$ 1.63B,1.55,10.55%,6.2%,$
CMP-1555,TMW,Titan Machine Works,INDUSTRIALS,2023/09/30,28899431106.40,1.78B,"179,107,951.19",0.28,6.15%,0.0062,USD
CMP-1768,MAG,  Meridian Asset Group  ,FINANCE,FY2022,45243630737.44,-,"$ 8,173,847,973.05",7.26,25.05,#VALUE!,EUR
CMP-1615,TMW,Titan Machine Works,Industrials,2022-12-31,30961864724.27,null,5006057252.78,5.0,18.41,16.17%,None
CMP-1864,TB,,Consumer Discretionary,2023-03-31,USD 42.66B,"$1,614,131,364.35", 696700483.67 ,0.95,0.0378,0.0163,USD
CMP-1894,PE,Pioneer Equipment,Manufacturing ,FY2021,"$ 16,917,218,954.96","3,226,950,042.12","USD 2,611,011,454.67",3.77,19.1%,15.43%,USD
CMP-1897,VL,Vanguard Logistics,Industrials,06/30/2023,"18,535,178,317.86",350425212.38,"-USD 445,775,636.06",(0.69),0.0189,-2.41%,USD
CMP-1462,IG,InfoCore Global, Tech ,12/31/2023,15940705304.26,"USD 3,139,468,885.68",2435711556.54,3.2098,19.69,15.28%,USD
CMP-1686,BCG,Beacon Capital,Financial Services,FY2023,,13845542055.14,7477669571.97,$3.22,12.12,6.54%,usd
CMP-1254,PE,Pioneer Equipment,Industrial,2023-09-30,29.22B,USD 3.00M,"($ 839,259,455.60)",-$0.72,0.01,(2.9%),USD
CMP-1951,TMW,Titan Machine Works,industrials,2023/03/31,-,"USD 299,129,161.18", 166480543.76 ,1.95,0.0593,3.30,USD
CMP-1501,VRI,Vortex Resources Inc,energy,2021, 78769554355.32 ,US$ 29.54B,26648857407.33,USD 7.72,37.51,0.3383,usd
CMP-1257,VRB,Velox Retail Brands,Consumer Discretionary,12/31/2024,None,$ 81.95M,null,error,0.96,-0.0512,USD
CMP-1863,IG,InfoCore Global,IT,12/31/2023,1775342949.02,null,"$ 305,929,582.44",6.65,999%,17.2%,USD
CMP-1323,AD,Aeroflux Dynamics,INDUSTRIALS,2022/06/30,,"2,273,923,268.50",null,$2.83,0.0909,0.0541,USD
CMP-1959,OMG,  OmniCare Medical Group  ,HEALTHCARE,2023,-,US$ 276.40M,"$2,171,392,595.22",39.32,14.64,115.0%,USD
CMP-1201,,Titan Machine Works,industrials,12/31/2022,"$ 21,823,469,407.74", 709321421.12 ,-299.35M,(USD 0.48),3.25,-0.0137,USD
CMP-1878,BCG,Beacon Capital,Financial Services,2021,37871205758.85,"$ 6,421,398,939.17",$5.30B,USD 3.26,16.96%,14.0%,USD
CMP-1265,OG,OmniSoft Group,Technology,2024-06-30,"USD 48,152,357,145.04","USD 12,576,249,954.98","$10,970,300,780.42",12.43,0.2612,22.78%,USD
CMP-1578,UOG,Urban Outfitters Group,,FY2021,$ 25.50B,"USD 2,019,458,650.32",408379285.89,0.66,0.0792,1.6%,-
CMP-1368,MAG,meridian asset group,Unknown,30-06-2023,NA,"$21,647,073,698.62","19,453,442,920.20",3.531,0.2446,21.98,USD
CMP-1821,SI,SteelCore Industries,industrials,2022/09/30,"18,582,412,729.54", 2445287705.61 ,US$ 2.01B,2.65,0.1316,#VALUE!,USD
CMP-1232,BL,BioGenix Laboratories,Health Care,2022-03-31,"61,769,409,010.05","(USD 3,773,842,951.00)",-6682876194.28,(5.87),(6.1%),-0.1082,USD
CMP-1491,GRB,global reserve bank,FINANCE,FY2022,118027520284.01, 27999011376.57 ,USD 24.81B,5.06,,0.2102,USD
CMP-1618,PFH,Pinnacle Financial Holdings,Financials,2022/12/31,92177845133.59,None,31432164219.36,8.37,40.35,34.10%,USD
CMP-1223,OG,OmniSoft Group,Tech,2023-03-31,33181732851.46,8090602493.69,US$ 38.16B,USD 35.66,24.38,1.15,USD
CMP-1471,HB,HORIZON BANCORP,Fin Services,03/31/2022,N/A,$1.89B,"1,624,352,444.08",USD 6.62,0.2887,24.78%,usd
CMP-1181,BI,ByteWave Interactive,N/A,2024-03-31,$54.55B,$8.38B,5399772653.24,3.90,0.1537,9.90%,USD
CMP-1214,PE,Pioneer Equipment,INDUSTRIALS,2024/03/31,US$ 36.68B, 6530309264.70 ,"$4,329,688,010.29",$4.03,17.80,11.80,usd
CMP1360,SI,  SteelCore Industries  ,INDUSTRIALS,Q2 2023, 34069135011.27 ,"4,130,314,840.60","3,011,888,534.54",$5.16,12.1%,8.84%,USD
CMP-1458,CS,CyberNova Systems, Tech ,2021/06/30,48673362213.63, 3387579216.96 ,1532551129.78,0.95,6.96,0.0315,USD
CMP-1660,CE,Crestline Exploration,Energy & Power,FY2024, 45944118853.98 ,"(152,108,427.65)","-1,734,619,003.15",($ 1.24),-,-0.0378,USD
CMP-1766, MLR ,metro living retail,Consumer Discretionary,2021-06-30,#VALUE!,"USD 239,670,932.87",61826376.75,0.959,6.35,1.64%,usd
CMP-1169,NGC,Nordic Gas Corp,Energy & Power,30-09-2023,77477311061.87,"USD 19,051,603,642.30",-,7.4,24.59,19.26%,USD
CMP-1367,PC,PrimeConsumer Corp,Cons. Cyclical,FY2022,"$24,902,045,562.67",754740189.64,NA,NA,3.03%,null,usd
CMP-1112,AB,AEGIS BIOLABS,Health Care,2024,USD 61.78B,8170554369.82,null,error,13.2%,8.12%,USD
CMP-1190,SLB,SUMMIT LEISURE BRANDS,,12/31/2021,"$ 47,857,310,277.21","$ 11,118,280,487.41",9.21B,3.36,23.23,0.1924,USD
CMP-1129,VTC,VANGUARDIAN TRUST CO,Banking & Finance,2023-03-31,70913147116.5,"17,428,262,907.62",14619236981.50,7.15,0.2458,20.62%,USD
CMP-1683,CE,Crestline Exploration,Enrgy,2022-03-31,"$ 93,569,119,061.05",-6024256930.74,(11424356572.55),(3.99),-0.0644,-0.1221,USD
CMP-1185,CFC,  Continental Freight Corp  ,Industrials,2021-12-31,US$ 41.88B,"12,355,895,682.77","USD 9,566,620,317.43",N/A,0.2951,22.84,EUR
CMP-1106,PC,PrimeConsumer,Cons. Cyclical,30-06-2021,"$3,191,049,834.93",US$ 498.66M,341760975.59,6.24,0.1563,0.1071,usd
CMP-1319,TPC,TerraGreen Power Co,Energy,06/30/2024,,,3747429785.15,1.73,8.75%,4.5%,USD
CMP-1387,SLB,Summit Leisure Brands,Consumer Discretionary,2023-09-30,"$51,538,984,484.41",1371722126.65,(1.09B),-0.61,0.0266,(2.1%),USD
CMP-1339,ALG,Aura Lifestyle Goods,Consumer Discretionary,2023,37240584879.17,3.13B, 1983662749.06 ,NA,8.40,5.33%,USD
CMP-1713,UOG,Urban Outfitters,Consumer Discretionary,2024/12/31,"USD 34,338,317,928.14","$3,129,647,705.26","1,329,453,112.14",1.05,9.11%,3.87,USD
CMP-1280,TB,TrendSet Brands,Retail & Consumer,Q4 2023, 37612916175.70 ,"($ 829,726,379.01)","($ 3,457,222,714.58)",-3.1415,-2.21,-0.0919,-
CMP1306, MS ,MicroLogic Systems,TECHNOLOGY,2021-09-30,46613213116.64,"$9,147,639,132.56",USD 6.72B,$ 5.57,0.1962,0.1441,EUR
CMP-1188,GRB,Global Reserve Bank,,FY2023,112143731667.85,"USD 30,388,398,172.30",128965291418.03,$ 68.22,null,115.00,USD
CMP-1322, CFC ,Continental Freight Corporation,Industrial,09/30/2024,US$ 37.15B, 40389791.74 ,N/A,USD 26.03,0.11%,N/A,USD
CMP-1156,CS,CyberNova Systems,TECHNOLOGY,30-09-2021,US$ 6.96B,"(USD 558,930,700.56)", -1039848700.60 ,-$3.00,(8.0%),-0.1495,usd
CMP-1724,PC,PrimeConsumer Corporation,Cons. Cyclical,2023-03-31,"11,039,941,472.03","1,121,116,908.21","$892,730,573.18",2.12,10.16,8.09,USD
CMP-1369,BI,ByteWave Interactive,technology,2024-03-31,"54,621,281,812.61",14989420138.34,"12,238,981,780.49",8.87,None,0.2241,USD
CMP-1401,CP,Curative Pharmaceuticals,Healthcare,2023,6639894050.81,559417813.22,"$196,826,033.46",0.53,8.4%,0.0296,$
CMP-1901,SEG,Solaris Energy Group,Enrgy,2023-12-31, 11495876848.04 ,"2,642,159,474.23","$2,060,010,664.35",10.26,22.98,0.1792,USD
CMP-1391,MS,MicroLogic Systems,Tech,Q4 2024,68532770199.98,$24.67B,USD 20.59B,145.8,0.36,30.05%,USD
CMP-1147,AHM,Atlas Heavy Machinery,Manufacturing ,2023,"USD 11,729,487,714.03",1355503839.49,"963,009,826.73",2.625,0.1156,8.2%,USD
CMP-1826,MS,  MicroLogic Systems  ,technology,2021,21910890727.27,8420587029.29,"USD 7,913,826,643.69",8.84,38.43%,0.3612,usd
CMP-1122, CFC ,  Continental Freight Corp  ,INDUSTRIALS,30-06-2024,,"3,253,905,551.95",2276571462.94,3.57,8.81%,0.0616,USD
CMP-1714,HCP,HELIOS CLEAN POWER,Energy,2022/03/31,1.93B,682852562.90,585489885.17,8.831,35.42%,0.3037,USD
CMP-1231,PSC,Precision Systems Corp,Industrial,31-12-2024, 4504949670.88 ,"$ 788,653,497.89",US$ 491.93M,2.31,0.1751,10.92,usd
CMP-1132,tmw,Titan Machine Works,INDUSTRIALS,06/30/2024,"$7,161,878,266.88","USD 780,427,882.99",544714574.05,2.712,10.9%,7.61,USD
CMP-1858,TO&G,Titan Oil & Gas Ltd,ENERGY,2021-09-30,$ 79.80B,-11137544328.96,($12.93B),-7.71,-0.1396,-0.1620,USD
CMP1216,CT,CloudScale Technologies,Information Technology,2023-03-31,"$ 53,900,626,952.25",7829468143.43,4.50B,4.95,14.53%,8.4%,USD
CMP-1197, TO&G ,Titan Oil & Gas,energy,Q3 2023,39681979692.20,9245920139.31,"8,282,938,355.70",USD 12.49,23.30,20.87,USD
CMP-1456,AH,APEX HYDROCARBONS,energy,31-03-2021, 61222411356.08 ,29088300709.38,25458878155.03,8.45,47.51%,41.58,$
CMP-1133,IG,InfoCore Global,TECHNOLOGY,2024/09/30,83305764012.97,26288687617.05, 22570676002.45 ,8.0723,0.3156,27.09,$
CMP-1650,BCG,Beacon Capital Group,Financials,2021/03/31,"85,493,219,847.80",USD 24.35B,21528821868.54,8.73,28.48,25.18%,USD
CMP-1010,PSC,PRECISION SYSTEMS CORP,Industrials,2024,"USD 12,510,385,519.01",268243458.11,-307276824.33,(0.97),2.1%,-0.0246,USD
CMP-1332,OG,OmniSoft Group,TECHNOLOGY,FY2024,54.38B,11091774059.12,"8,602,299,279.87",5.9,20.40,15.82,USD
CMP-1255,AQC,Apex Quantum Corp,TECHNOLOGY,30-09-2024,,3654979331.47,2713123208.47,$ 5.23,22.89%,16.99%,$
CMP-1325,AHM,Atlas Heavy Machinery,Industrial,2023/09/30,8145608075.88,102310925.94,,(0.45),999%,-0.0093,USD
CMP1796,lmi,Luxe Motors International,Retail & Consumer,2024-06-30,$1.33B,$ 203.52M,139.21M,3.0406,15.29%,10.46,usd
CMP-1511,HB,Horizon Bancorp,Financial Services,2024,53812548593.63,US$ 18.57B,"$ 16,252,480,203.36",16.28,34.50,0.302,usd
CMP-1196,VL,  Vanguard Logistics  ,Industrial,Q4 2021,27918570211.31,1083144151.02,"($ 816,812,710.02)",-USD 0.63,3.88%,-0.0293,None
CMP-1465,SEG,SOLARIS ENERGY GROUP,Enrgy,31-03-2023,13290960775.24,3722261869.43,2957117814.13,0.0,28.01,22.25,USD
CMP-1669,BL,BioGenix Laboratories,HEALTHCARE,2022,49339754393.93,23058529510.43,USD 21.37B,13.3809,46.73,0.4332,$
CMP-1060,NSC,Nexus Software Corp,TECHNOLOGY,2021-12-31,"72,368,946,578.21", 7879126049.45 ,null,3.487,10.9%,6.10,USD
CMP-1107,DS,DataSphere Solutions,Technology,2024-03-31,US$ 31.96B,"$ 9,986,916,868.95",8891225457.48,15.05,,N/A,EUR
CMP-1770,CT,CloudScale Technologies,TECHNOLOGY,FY2023,"USD 31,759,448,278.50","6,275,265,867.42",4.90B,7.34,0.1976,15.4%,USD
CMP-1377,MLR,Metro Living Retail,consumer cyclical,Q3 2023,17905923046.03,1549087251.93,892833459.54,USD 2.25,0.0865,5.0%,USD
CMP-1601,SWP,Sterling Wealth Partners,Banking & Finance,2021-03-31,54087164122.15,"$16,956,526,752.31",14290395221.54,11.39,0.3135,0.2642,USD
CMP-1485,ees,echo energy systems,Energy,03/31/2022,47543282009.24,358736841.79,-US$ 842.86M,-,0.8%,-1.77%,USD
CMP-1347,BL,BioGenix Laboratories,health care,2023-03-31,"29,209,189,980.65",(3300595077.39),-4231702459.38,-USD 4.61,-11.30,(14.5%),USD
CMP-1649,BCC,BlueStone Credit Corp,Financial Services,2023/12/31,US$ 23.87B,"$7,570,037,882.96",$5.96B,14.9141,31.71%,24.95%,USD
CMP-1176,CS,CYBERNOVA SYSTEMS,Technology,06/30/2022,"$75,996,785,671.87",,9570008755.15,USD 3.30,16.15%,12.59,usd
CMP-1837,BI,ByteWave Interactive,TECHNOLOGY,06/30/2022,USD 73.10B,3196759846.61,"247,743,955.38",0.1,4.37,0.34%,USD
CMP-1765,SD,SteriMed Diagnostics,Bio/Pharma,FY2023,"$52,245,664,852.31","16,391,643,345.83",12991040865.39,6.01,0.3137,24.9%,USD
CMP-1011,FGHI,Foundry Global Heavy Industries,industrials,2022/09/30,"8,970,831,330.56","$1,672,516,935.61",1.06B,5.88,None,11.80,USD
CMP-1376,CH,  Crestview Holdings  ,Fin Services,30-09-2021,,"$ 10,832,459,191.43",$9.35B,$12.89,38.3%,33.06,USD
CMP-1956,AD,aeroflux dynamics,INDUSTRIALS,Q2 2023, 10592021000.85 ,-,1724934250.23,$ 7.82,0.1851,16.29,USD
CMP-1541,oam,Orbital Aerospace Mfg,industrials,12/31/2022,194937236.57,,3940435.76,0.35,0.072,2.02%,USD
CMP-1911,BL,biogenix laboratories,HEALTHCARE,2024-06-30,34571607671.34,"$13,092,725,841.10",null,11.1,37.9%,32.48,USD
CMP-1018,HCP,  Helios Clean Power  ,Enrgy,2024-12-31,"$ 82,063,273,745.24","-$10,788,661,000.65",(USD 12.69B),(4.48),(13.1%),-0.1546,USD
CMP-1884,NSC,NEXUS SOFTWARE CORP, Tech ,03/31/2021,, 31353889418.87 ,"USD 26,821,855,920.90",$ 12.67,150.0%,0.3842,USD
CMP-1719,VRB,  Velox Retail Brands  ,Cons. Cyclical,30-09-2023,$46.21B,N/A,"-USD 2,164,263,189.20",($2.12),-0.0174,-4.68,USD
CMP-1259,PE,Pioneer Equipment,INDUSTRIALS,2021/06/30,"USD 42,132,826,102.74","USD 7,400,575,336.37",6.00B,USD 2.97,17.6%,14.24%,USD
CMP-1032,MLR,Metro Living Retail,Cons. Cyclical,09/30/2023,"USD 28,581,605,133.71",669283771.60,"-USD 1,291,102,919.29",-2.63,2.34%,-4.52,usd
CMP-1870,DS,DataSphere Solutions,IT,2024/09/30,"37,721,421,885.74",4586124245.81,NA,error,0.1216,0.0599,$
CMP-1850,CFC,Continental Freight Corporation,Manufacturing ,2022/06/30,"4,610,020,077.19","774,663,569.03",US$ 673.23M,4.11,16.80,14.6%,-
CMP-1594,VTC,Vanguardian Trust Co,Financials,31-12-2021,8956282088.38,"2,534,798,705.42","$ 2,221,523,327.86",4.58,28.3%,24.8%,USD
CMP-1076,NSC,Nexus Software Corporation,technology,Q3 2021,"$56,167,747,414.50","USD 14,899,930,191.85", 12058626425.42 ,$ 7.27,26.53%,21.47,USD
CMP-1052,AS,ALPHABIO SCIENCES,health care,2023, 42254167806.15 ,9207935248.96,7162181538.29,3.26,21.79%,16.95%,USD
CMP-1752,CT,CLOUDSCALE TECHNOLOGIES,Information Technology,03/31/2023,$ 33.33B, 4384836791.04 ,"$2,118,683,976.12",2.7165,13.16%,6.36%,USD
CMP-1681,TPC,TERRAGREEN POWER CO,Energy,2023/12/31,29126970583.02, 8379828720.83 ,"7,323,546,219.19",11.83,0.2877,25.14,None
CMP-1100,OAM,Orbital Aerospace Mfg,Industrials,2022-06-30,29720280871.58,2367777968.97, 552076761.58 ,0.87,0.0797,0.0186,usd
CMP-1301,VRB,Velox Retail Brands,,2022/03/31,"37,951,626,805.64",$1.37B,"-USD 908,636,334.46",-0.57,0.0361,#DIV/0!,USD
CMP-1072,PFH,Pinnacle Financial Holdings,Banking & Finance,2023-03-31,65014024056.73, 27068169516.74 ,22595685507.10,13.29,41.63%,34.76,USD
CMP-1523,DS,,Technology,2021-03-31,44394666715.35,"7,278,398,669.45",6249239487.28,7.38,16.39,14.08,USD
CMP-1682,PE,  Pioneer Equipment  ,Industrials,2021-06-30,39.23B,$3.05B,497582008.01,0.65,0.0778,0.0127,$
CMP-1902,PE,Pioneer Equipment,industrials,03/31/2021,31805917830.74,3016738648.56,$ 1.50B,1.57,null,4.7%,$
CMP-1320, CS ,CyberNova Systems,TECHNOLOGY,31-03-2022,US$ 30.63B,"2,491,271,460.97",$ 1.28B,$ 2.45,8.13%,4.18%,USD
CMP-1545, DS ,DataSphere Solutions,IT,31-03-2021,$30.25B,"USD 4,873,274,664.17", 2843757267.56 ,4.238,16.11%,9.40%,USD
CMP-1422,PEC,PetroDyn Energy Corp,energy,2022,28419531471.62,"7,084,523,062.73",US$ 5.97B,error,24.9%,0.2102,USD
CMP-1460,HB,Horizon Bancorp, Financial Services ,31-03-2023,null,"2,982,102,442.71",770.88M,USD 0.62,9.04%,2.34%,USD
CMP-1178,AS,ALPHABIO SCIENCES,health care,31-03-2024, 49578817878.29 ,"$4,680,028,339.09",1652603664.55,0.67,9.4%,3.33,USD
CMP-1251,,terragreen power co,ENERGY,2021-09-30,N/A,-6980794906.29,-12335442132.51,-2.6,-7.73%,-13.66%,CAD
CMP-1287,SI,SteelCore Industries,Ind.,2021/06/30,"22,777,290,332.39","$ 2,139,740,058.59",581553111.66,0.5961,0.0939,2.55%,usd
CMP-1228,AD,aeroflux dynamics,Manufacturing ,2024/03/31,5223924360.04,NA,"$406,497,655.03",3.58,12.26,#VALUE!,USD
CMP-1906,NGC,NORDIC GAS CORP, Oil & Gas ,2021,USD 37.85B,2730342722.68,"USD 407,550,348.35",$ 0.18,0.0721,1.08,usd
CMP-1092,TPC,TerraGreen Power Co,ENERGY,2024/06/30,71457315906.30,"4,757,287,706.20",103440979.34,0.05,6.66%,0.1%,USD
CMP-1663,VTC,Vanguardian Trust Co, Financial Services ,2021-06-30,"$114,126,152,761.96","13,657,927,878.04",TBD,-,11.97%,7.08,USD
CMP-1304,CFC,,INDUSTRIALS,FY2023,34069817671.31,TBD,2638435380.32,NA,13.75%,7.74,USD
CMP-1138,ngc,Nordic Gas Corp,Energy,03/31/2021,"USD 16,464,363,460.32","($ 111,790,281.51)", -514099088.49 ,(0.64),-0.68%,-0.0312,USD
CMP-1134,TO&G,Titan Oil & Gas Ltd,energy,2023/03/31,"60,356,380,732.93",USD 7.11B,"USD 5,518,503,319.10",1.90,0.1179,9.14%,USD
CMP-1904,OAM,Orbital Aerospace Mfg,Ind.,2021/06/30,"USD 18,001,166,412.95",1393917069.04,714465127.78,1.33,7.74%,0.0397,USD
CMP-1625, AF ,Apex Financial,Financial Services,2023/12/31,"$45,677,557,626.03",$ 13.33B,11649355960.26,4.05,0.2919,25.50,USD
CMP-1616,NGC,Nordic Gas Corp, Oil & Gas ,2024-09-30,90917582563.27,-33626188190.00,(US$ 37.53B),(10.07),(37.0%),-41.27,USD
CMP-1022,IG,InfoCore Global,Tech,2022/12/31,"USD 44,503,880,573.06",null,,2.41,17.2%,0.1468,USD
CMP-1611,OMG,OmniCare Medical,HEALTHCARE,31-03-2021,$62.67B,N/A,17342169615.15,12.7063,30.12%,27.67%,USD
CMP-1333,CFC,Continental Freight Corp,Industrial,2024/03/31,32049460651.31, 5961540813.38 ,$ 5.10B,2.6,18.60,15.90,USD
CMP-1931,DS,DataSphere Solutions, Tech ,2023-06-30,US$ 68.51B,"$15,646,942,876.20","13,508,361,468.56",USD 4.96,22.84,19.72,usd
CMP-1020,EES,echo energy systems,Energy & Power,2021-09-30,"84,341,604,173.46","(3,947,978,011.72)",-8642620571.33,(5.05),-4.68,-10.25%,USD
CMP-1219,PEC,  PetroDyn Energy Corp  ,ENERGY,FY2024,78910600450.33,18886104696.34,"16,493,451,362.32",3.24,23.93%,20.90,USD
CMP-1862,MAG,Meridian Asset Group,Other,2024-12-31, 81383957647.70 ,$ 28.83B,"$25,629,421,460.87",USD 5.66,0.3543,31.49%,CAD
CMP-1157,BCG,Beacon Capital Group,Financials,2023-06-30,"47,923,315,205.78","USD 16,699,560,660.45","$13,418,082,498.51",USD 15.10,999%,28.00,USD
CMP-1581,TPC,TerraGreen Power Co,N/A,2021/03/31,USD 82.30B,-24323231332.18,-30004769399.66,($12.16),-29.56,-36.46%,USD
CMP-1657,VHS,Vitas Health Systems,Health Care,2021-03-31, 23258345010.53 ,"9,302,426,768.12",7760172808.40,8.44,40.00%,33.37%,USD
CMP1741,LMI,Luxe Motors International,Consumer Discretionary,2022,19523024814.63,"(382,364,983.72)","-USD 1,581,621,054.92",-4.09,-1.96,(8.1%),USD
CMP-1384,AQC,Apex Quantum Corp,Technology,2024/12/31, 44353284371.53 ,"$5,770,295,373.15","3,208,293,498.84",1.5,#VALUE!,7.2%,usd
CMP-1392,AF,Apex Financial,Fin Services,2024/03/31, 9986038181.23 ,"USD 1,609,836,424.44", 1063125255.42 ,3.25,16.12%,10.65,
CMP-1273,alg,Aura Lifestyle Goods,Cons. Cyclical,06/30/2023,29745197346.40,"2,540,161,590.43",None,$0.52,0.0854,0.0264,CAD
CMP-1047,TB,TrendSet Brands,Retail & Consumer,03/31/2024,,7473948349.69,-,$4.36,15.14,8.71,USD
CMP-1179,HCP,Helios Clean Power,Energy,2024/12/31,80489741568.91,23281252340.12,"USD 21,158,381,034.54",8.64,28.92,26.29%,USD
CMP-1880,SLB,Summit Leisure Brands,Cons. Cyclical,FY2021,USD 6.68B,$626.50M, 396655329.86 ,$2.21,0.0938,5.94%,USD
CMP-1180,,Crestview Holdings,Financials,2021-06-30,$ 95.74B,-,"USD 17,342,294,971.57",8.59,23.73%,0.1811,USD
CMP-1805,PC,PrimeConsumer Corp,Cons. Cyclical,2023/12/31,USD 3.03B,342130602.17,212.68M,3.2,11.3%,0.0702,EUR
CMP-1849, HCP ,Helios Clean Power,Energy,Q4 2024,$14.87B,"$ 3,085,812,998.93",2447709934.41,5.0712,20.75,16.46,USD
CMP-1693,IG,InfoCore Global,technology,2022-12-31,null,3.22B,NA,$8.23,23.1%,0.1712,USD
CMP-1292,,  PetroDyn Energy Corp  ,Energy,2022-03-31,19449586673.18,"129,342,991.01","(825,603,903.59)",-1.151,0.67,-,$
CMP-1641,lmi,Luxe Motors International,consumer cyclical,2024-06-30,37109753224.93,-, 921421045.00 ,0.76,5.78,0.0248,USD
CMP-1419,VHS,Vitas Health Systems,health care,2022,50370507244.28,US$ 18.02B,15349972923.50,7.11,35.78%,,USD
CMP-1282,IG,InfoCore Global,Technology,FY2022,59008936857.56,20925889790.86,"18,939,473,344.99",-,35.46,32.10,usd
CMP-1247,PE,Pioneer Equipment,industrials,FY2021,"USD 20,122,673,530.17",None,1829201075.60,4.38,13.20,9.09%,$
CMP-1842,,Metro Living Retail,Retail & Consumer,FY2023,"$ 10,271,342,510.54",NA,"($ 37,602,427.00)",($ 0.19),2.55%,-0.37%,USD
CMP-1903,TO&G,  Titan Oil & Gas Ltd  ,energy,06/30/2022,79279358989.90,"USD 2,104,743,310.79","(2,710,173,621.06)",error,2.65%,-3.42%,None
CMP-1055,VM,Velocity Motors,Cons. Cyclical,2024-12-31,US$ 27.69B, 1817451132.89 , 464694399.88 ,0.62,6.56%,1.68,$
CMP-1628,MS,MicroLogic Systems,TECHNOLOGY,2021/06/30,81902910589.31,37851344594.36,null,21.26,46.21%,42.66%,USD
CMP-1063,CP,CURATIVE PHARMACEUTICALS,HEALTHCARE,2022-09-30,"$ 45,685,266,732.44","7,228,219,540.26","5,493,341,749.04",3.39,15.82,12.02,USD
CMP-1148,VHS,  Vitas Health Systems  ,HealthCare ,03/31/2023,1383022159.73,NA,,-$1.15,-0.0198,null,USD
CMP-1363,nai,  NextGen Apparel Inc  ,Consumer Discretionary,Q1 2021,"$48,642,934,837.83","$4,297,745,550.09",USD 2.77B,1.40,0.0884,5.69,USD
CMP-1867,SAI,Synapse AI Inc,TECHNOLOGY,2023/03/31,"75,229,956,736.51", 26904151187.04 ,22619553221.04,8.26,35.8%,30.07%,EUR
CMP-1015,TPC,TerraGreen Power Co,Energy,31-03-2023,"51,784,779,858.45","USD 2,233,710,633.45","833,128,537.92",0.822,0.0431,0.0161,USD
CMP-1743, AS ,AlphaBio Sciences,Health Care,FY2022,56.97B,($3.88B),-5313540323.29,($3.05),-6.81%,-9.33,USD
CMP-1331,,Pioneer Equipment,INDUSTRIALS,2021-09-30,"46,329,883,185.36","USD 5,126,421,157.04",4188380056.35,5.23,11.07,0.0904,$
CMP-1816,EES,Echo Energy Systems,Energy,2022/12/31,"$82,053,200,563.41", 9028769620.87 ,$ 4.36B,$1.48,11.0%,5.32,USD
CMP-1838,HCP,Helios Clean Power,,30-06-2024,"43,402,046,608.37",2.24B,941738937.96,N/A,0.0515,2.17,USD
CMP-1189,VTC,Vanguardian Trust Co,Fin Services,2023-03-31,null, 36067173672.19 ,33425074694.02,18.7,0.3581,0.3319,EUR
CMP-1563,SEG,Solaris Energy,Energy,09/30/2024,"$43,830,424,339.34","$3,281,757,392.22","$ 1,771,262,850.76",N/A,7.49,4.04%,USD
CMP-1518,CT,CloudScale Technologies,technology,Q4 2023,"8,340,949,796.08",-51914123.6,"-USD 468,276,606.35",-$1.59,-0.62%,(5.6%),USD
CMP-1588,VM,velocity motors,consumer cyclical,FY2021, 11667702516.31 ,558453575.51, 316748205.12 ,1.3086,0.0479,#DIV/0!,USD
CMP-1769,OAM,Orbital Aerospace Mfg,INDUSTRIALS,31-12-2024,"USD 15,497,243,868.21",US$ 3.17B, 2684539702.26 ,5.33,20.4%,17.32%,USD
CMP-1151,PE,Pioneer Equipment,industrials,31-03-2023, 35811642023.95 ,"3,931,018,360.31","$ 2,441,863,662.54",1.414,10.98%,6.82,USD
CMP-1926,AD,Aeroflux Dynamics,INDUSTRIALS,2022/09/30,27600719587.38,"$ 2,342,925,294.64","USD 986,001,616.44",0.55,0.0849,0.0357,usd
CMP-1701,PFH,Pinnacle Financial Holdings,Financial Services,Q3 2021,"USD 42,549,132,863.25",TBD,"$7,018,859,208.43",4.95,21.60,16.50%,USD
CMP-1428,PFH,Pinnacle Financial Holdings,Financials,FY2023,US$ 44.85B,4764111315.57,2492675704.01,3.19,10.62,null,USD
CMP-1411,MAG,Meridian Asset Group,,31-12-2023, 47518810544.83 ,9204843421.53,7162849013.47,-999.0,19.37,15.07,USD
CMP-1472,AHM,Atlas Heavy Machinery,INDUSTRIALS,2024-12-31,35111707803.28,"$ 1,133,126,220.63","(USD 561,593,470.98)",($0.57),3.2%,(1.6%),USD
CMP-1058,si,SteelCore Industries,Ind.,2023-12-31,43923707003.76,USD 4.45B,1448515650.54,USD 1.92,10.13%,0.033,USD
CMP-1238,MAG,Meridian Asset Group,Banking & Finance,31-03-2021,113328698746.88,$ 44.53B,"USD 37,475,474,471.09",9.71,39.29%,33.07%,USD
CMP-1488,AS,ALPHABIO SCIENCES,health care,31-03-2024,37577361313.00,$ 12.78B,11284661745.16,16.87,34.0%,30.03%,None
CMP-1873,SWP,Sterling Wealth Partners,Financials,2023-12-31,"60,331,699,853.91","18,693,124,691.69",,10.04,null,N/A,USD
CMP-1318,CH,Crestview Holdings,Financials,06/30/2024,$85.98B,"26,859,760,572.56",23.02B,USD 7.00,31.24,0.2678,usd
CMP-1546, MLR ,Metro Living Retail,Cons. Cyclical,2023-09-30,"USD 37,358,980,621.32",5625160627.54,4859056479.73,5.67,15.06,13.01,USD
CMP-1798,PC,,Retail & Consumer,2024-09-30, 42063000915.36 ,6734042265.39,US$ 5.81B,7.28,16.01,13.81%,USD
CMP1069, HCP ,Helios Clean Power,Energy & Power,30-09-2021,4029403836.8,US$ 823.27M,"576,949,340.25",4.47,0.2043,14.3%,USD
CMP-1054,TO&G,Titan Oil & Gas Ltd,Enrgy,12/31/2024, 92449497424.11 ,"USD 27,564,856,666.79",22798444279.39,$12.52,29.8%,24.7%,USD
CMP-1881,af,  Apex Financial  ,FINANCE,FY2024,"36,203,065,752.31","$ 16,337,240,592.62",14.53B,13.86,45.1%,40.1%,USD
CMP-1900,OAM,  Orbital Aerospace Mfg  ,Ind.,FY2021,"46,618,705,444.79","$ 10,752,258,211.23","9,660,330,528.05",7.0,23.06,0.2072,USD
CMP-1162,TB,TrendSet Brands,Retail & Consumer,31-03-2021,15.95B,185792631.88, -516732325.33 ,-1.263,1.17%,-3.24,USD
CMP-1413,TB,TrendSet Brands,Cons. Cyclical,2021-12-31,"USD 46,263,849,710.48",589894528.60,($424.27M),-0.51,1.28%,-0.92%,USD
CMP-1759,AD,Aeroflux Dynamics,Ind.,31-03-2024,US$ 987.78M,120877327.54, 61968251.62 ,-999.0,12.24%,6.27%,USD
CMP-1298,BCG,Beacon Capital Group,,2021/06/30,US$ 74.29B,24701676465.44,23.18B,9.26,-,31.20,USD
CMP-1643,VRI,Vortex Resources Inc,Energy,31-03-2024,6378204872.56,-1214588984.53,(1389129531.72),(3.34),-0.1904,(21.8%),USD
CMP1945,VRI,Vortex Resources Inc,energy,2023,"$ 27,852,034,793.04","9,491,360,532.46",8283026166.49,12.7500,-120.5%,999%,$
CMP-1237,OAM,Orbital Aerospace Mfg,,12/31/2021,14357070473.00,$1.71B,"763,071,490.80",3.12,0.1194,5.31%,USD
CMP-1000,FGHI,FOUNDRY GLOBAL HEAVY INDUSTRIES,Manufacturing ,2021-06-30,-,US$ 580.74M,-,0.0769,0.0322,0.0044,USD
CMP-1905,OMG,OmniCare Medical,Healthcare,09/30/2021,N/A,4562150641.46,2236610346.85,0.92,10.38,5.09%,USD
CMP-1275,AB,Aegis BioLabs,Health Care,2022-09-30,60587264609.71,9552954448.83,8.03B,7.58,15.77,13.25%,$
CMP-1924,CS,CyberNova Systems,technology,30-06-2024,"2,161,602,896.74","378,627,553.59",US$ 241.54M,#DIV/0!,17.5%,11.17%,USD
CMP-1692,BL,  BioGenix Laboratories  ,Bio/Pharma,Q1 2021,47.28B,TBD,9766497329.49,6.64,25.14%,None,USD
CMP-1308,MLR,Metro Living Retail,consumer cyclical,2023-03-31,$ 13.67B,None,-565490906.43,-1.85,1.81,-4.14,usd
CMP-1205,PSC,Precision Systems Corp,industrials,2024/06/30,31669278338.66,3329350454.26,USD 2.65B,2.09,,8.4%,usd
CMP-1281,AF,Apex Financial, Financial Services ,FY2022,54331026812.26,"$ 13,004,169,969.16",$11.47B,10.72,23.94%,0.2112,usd
CMP-1519,LMI,Luxe Motors International,consumer cyclical,09/30/2022,"$16,565,559,221.73",1030774584.88,"83,892,853.11",0.1,6.22%,0.51%,-
CMP-1086, HB ,Horizon Bancorp, Financial Services ,2022/12/31,12363126764.88,"2,860,292,499.24","2,415,853,156.33",error,23.1%,null,usd
CMP-1166,NAI,NextGen Apparel Inc,Cons. Cyclical,2021-09-30,19252867833.21,,1176775785.29,,9.02,6.11%,USD
CMP-1418,TPC,TerraGreen Power Co,Enrgy,2021-03-31,7233760773.82,-32180773.53,"(284,109,361.80)",-1.2072,-0.44%,-3.93%,USD
CMP-1591,VL,Vanguard Logistics,Industrial,2022-09-30,29.50B,"$5,686,644,739.88",4965968300.23,6.2191,19.28%,16.83,USD
CMP-1043,VRB,Velox Retail Brands,Consumer Discretionary,12/31/2021,"6,329,696,316.11",$445.25M,26009206.22,0.22,0.0703,0.41%,USD
CMP-1464, FGHI ,Foundry Global Heavy Industries,Industrial,2023-12-31, 21036411641.21 ,"$ 3,639,559,835.80",$ 3.05B,$ 6.16,,14.51%,None
CMP-1329,FGHI,Foundry Global Heavy Industries,Ind.,2021/06/30,5966622682.8, 369166630.46 ,,1.10,0.0619,1.93%,USD
CMP-1280,TB,TrendSet Brands,Retail & Consumer,Q4 2023, 37612916175.70 ,"($ 829,726,379.01)","($ 3,457,222,714.58)",-3.1415,-2.21,-0.0919,-
CMP-1099,VM,VELOCITY MOTORS,Retail & Consumer,FY2024,"USD 6,526,979,201.88",USD 1.22B,1.04B,7.837,0.1862,15.9%,USD
CMP-1352,GRB,Global Reserve Bank,Banking & Finance,03/31/2024,"73,066,239,607.38",25426854656.29,"21,342,002,226.39",16.94,34.80,29.21,
CMP-1747,TO&G,Titan Oil & Gas Ltd,ENERGY,2023-09-30,$66.08B,$ 13.52B,11441031606.41,3.51,0.2046,0.1731,USD
CMP-1702,AB,,HealthCare ,2023-06-30,,1923359675.87,-896760070.97,(0.52),-,-0.0188,-
CMP-1005,NI,NovaTherapeutics Inc,HealthCare ,09/30/2021,"$ 51,053,623,413.63","1,593,634,058.93",62858086.66,0.05,3.12,0.0012,USD
CMP-1448,AQC,APEX QUANTUM CORP,IT,2022-06-30,"$ 52,722,155,283.47","$ 18,979,228,877.47",17679652424.16,$ 13.91,0.3600,33.53%,USD
CMP-1936,OG,  OmniSoft Group  ,IT,2021,"64,649,654,892.69",12888959118.21,"10,729,097,004.07",5.19,19.94%,16.60,USD
CMP-1425,CS,CYBERNOVA SYSTEMS,IT,2021-09-30,24995949814.08,US$ 5.61B,3890182568.36,6.55,22.46%,0.1556,USD
CMP-1263,AHM,ATLAS HEAVY MACHINERY,Manufacturing ,FY2024, 3765145552.40 ,"411,984,239.87",USD 176.44M,1.75,10.94,4.7%,USD
CMP-1852,CS,CyberNova Systems, Tech ,2021/09/30,"$ 39,865,659,251.78", 16381689056.24 ,15276429193.10,14.15,41.09,-,$
CMP-1587,EES,Echo Energy Systems, Oil & Gas ,2021-12-31,"$34,398,617,151.91","11,633,888,789.50",USD 9.56B,$7.66,33.82%,27.80,USD
CMP-1475,AHM,Atlas Heavy Machinery,Industrial,Q4 2022,$ 26.99B,"1,945,308,245.60","$31,040,049,168.41",$ 23.19,0.0721,1.15,USD
CMP-1525,CP,curative pharmaceuticals,Health Care,06/30/2022,37199461094.98,"USD 9,400,634,358.00",USD 7.69B,7.11,0.2527,0.2068,USD
CMP-1094,TB,TrendSet Brands,,12/31/2024,21467172162.51,$ 1.37B,"(80,835,196.85)",-0.2,0.0637,-0.0038,USD
CMP-1081,PC,PrimeConsumer,Retail & Consumer,2022/06/30, 34459709372.71 ,"$ 5,492,733,922.89",3936643273.16,6.12,15.94%,0.1142,USD
CMP-1742,SD,SteriMed Diagnostics,HEALTHCARE,FY2021,20.06B, -667789544.83 ,-1576235936.49,(4.51),-3.33,-0.0786,$
CMP-1603,PHG,PULSE HEALTH GROUP,Unknown,2021-09-30,USD 52.27B,"14,382,871,267.80", 11893367766.31 ,$ 8.74,0.2751,22.75%,USD
CMP-1673,TMW,Titan Machine Works,INDUSTRIALS,2024/12/31,"45,164,762,841.69","$6,371,466,085.54",4323423760.70,$ 3.20,14.11,9.57%,USD
CMP-1831,OMG,OmniCare Medical Group,health care,2021-03-31,29916196994.31,$ 8.23B,7170756322.08,12.47,-,23.97%,USD
CMP-1082,UOG,  Urban Outfitters Group  ,consumer cyclical,2023/12/31,"36,262,280,375.88",$ 2.46B,673164610.32,1.064,0.0679,1.86%,$
CMP-1589,PC,  PrimeConsumer Corp  ,Retail & Consumer,2024/03/31, 45894538375.34 ,"6,030,405,864.90",N/A,1.59,13.14%,7.44%,None
CMP-1610,VRB,VELOX RETAIL BRANDS,Consumer Cyclical,2024/09/30,43412392700.50,N/A,"213,900,199.77",$0.16,7.04,0.0049,USD
CMP-1898,BCG,Beacon Capital,Financial Services,FY2024,111926818946.79,35101046981.67,"USD 32,679,739,363.56",10.63,31.36,29.20,USD
CMP-1916, AD ,Aeroflux Dynamics,Industrial,03/31/2023,"2,000,219,553.89","431,116,019.65",N/A,8.0565,21.55%,17.82%,USD
CMP-1937,,precision systems corp,Ind.,30-09-2021, 19676853237.84 ,US$ 1.93B,$ 868.50M,0.775,None,4.4%,-
CMP-1917,,HELIOS CLEAN POWER,Energy & Power,30-06-2022,"USD 76,613,139,067.85","$ 1,180,807,807.10","-3,978,153,366.15",(1.71),0.0154,(5.2%),USD
CMP-1630,PE,Pioneer Equipment,Ind.,09/30/2023,N/A,"572,430,526.04",368384651.16,0.95,9.34,#VALUE!,EUR
CMP-1686,BCG,Beacon Capital,Financial Services,FY2023,,13845542055.14,7477669571.97,$3.22,12.12,6.54%,usd
CMP-1012,SI,SteelCore Industries,,2021,USD 45.10B,"$5,651,643,306.87",2670604790.88,$1.12,0.1253,0.0592,EUR
CMP-1861,,TERRAGREEN POWER CO,ENERGY,03/31/2021,12358455047.52,US$ 646.49M,14212223304.65,29.51,5.23%,115.00%,USD
CMP-1623,ALG,AURA LIFESTYLE GOODS,Consumer Discretionary,2024-09-30, 15878786845.96 ,544889262.71,(64.69M),-0.07,3.43,-0.41%,EUR
CMP-1930,CP,Curative Pharmaceuticals,HEALTHCARE,Q3 2021, 24406950325.34 ,"1,199,968,481.28","$191,813,480.41",0.41,4.92,0.8%,USD
CMP-1463,nai,NextGen Apparel Inc,consumer cyclical,2022-06-30,"4,525,023,105.27","$ 739,524,466.70",484326895.43,USD 4.00,0.1634,0.1070,USD
CMP-1269,SI,SteelCore Industries,industrials,Q1 2024,1520359911.69,218383505.71, 125199373.38 ,1.71,14.4%,0.0823,USD
CMP1278,SI,SteelCore Industries,industrials,2023/12/31,2310128578.94,"$ 313,477,884.34",264.44M,$ 1.83,N/A,11.45,CAD
CMP-1774,PEC,PetroDyn Energy Corp, Oil & Gas ,09/30/2021, 72935672180.83 ,$28.55B,"24,345,934,001.25",17.07,39.14,33.38%,USD
CMP-1120,VL,Vanguard Logistics,Industrial,FY2021,"$ 19,981,557,771.93",2046031460.01,"782,475,298.68",USD 2.02,10.24,0.0392,USD
CMP1474,TB,TrendSet Brands,Consumer Discretionary,06/30/2024,6363858590.35,"USD 346,159,370.57","139,026,381.58",1.16,-,-,-
CMP-1865,VL,vanguard logistics,Ind.,FY2021,32097515372.83,823990409.45,-1315638130.52,(1.10),2.57%,-4.10%,USD
CMP-1848,HCP,Helios Clean Power, Oil & Gas ,2022/12/31,null,108592842.50,79737975.94,6.9216,19.3%,0.1419,usd
CMP-1369,BI,ByteWave Interactive,technology,2024-03-31,"54,621,281,812.61",14989420138.34,"12,238,981,780.49",8.87,None,0.2241,USD
CMP-1277,OAM,  Orbital Aerospace Mfg  ,Manufacturing ,09/30/2023,"$27,994,321,633.24",N/A,#VALUE!,1.91,8.17%,0.0444,USD
CMP-1271,OAM,Orbital Aerospace Mfg,Industrial,2021-03-31,24417555092.47,null,3035775842.89,3.471,14.5%,12.43,USD
CMP-1689,NGC,Nordic Gas, Oil & Gas ,06/30/2022,#VALUE!,"USD 21,111,379,459.81",17377880416.65,$ 14.13,31.9%,0.2627,usd
CMP-1064,TMW,Titan Machine Works,industrials,09/30/2023,N/A,"5,104,366,087.48",$ 2.55B,USD 2.50,13.13,6.56,USD
CMP-1459,CE,CRESTLINE EXPLORATION,Enrgy,06/30/2022,USD 2.98B,"603,318,460.80",540.21M,9.518,20.28%,18.15,USD
CMP1445, IG ,InfoCore Global,Technology,31-03-2023,"$74,533,817,141.12",6502555169.28,1298848759.85,0.55,8.72,0.0174,USD
CMP-1793,alg,Aura Lifestyle Goods,Consumer Discretionary,09/30/2022,5.31B,#VALUE!,"258,821,047.10",1.4473,11.9%,4.87,USD
CMP-1494, TB ,TrendSet Brands,Consumer Cyclical,31-03-2024, 44217834095.74 ,4920459648.13,"3,112,478,682.55",4.2,11.1%,7.04,EUR
CMP-1908,MS,MicroLogic Systems,technology,Q3 2023,47414887551.39,"USD 10,512,321,513.50","7,829,856,587.94",$ 9.60,22.17,-,USD
CMP-1260,OAM,Orbital Aerospace Mfg,Manufacturing ,2023/12/31,42.67B,$ 6.32B,4288750712.11,1.9,14.8%,10.05,USD
CMP-1560,NAI,NextGen Apparel,consumer cyclical,2024/12/31,20116195678.04,3892147339.32,"3,348,453,875.81",6.1,19.35%,16.65%,USD
CMP-1522,PSC,precision systems corp,INDUSTRIALS,Q1 2024,"$ 38,164,407,984.17","USD 4,420,147,256.70",1.76B,2.46,999%,4.60,usd
CMP-1353,PHG,PULSE HEALTH GROUP,Bio/Pharma,2021,"$1,263,659,267.35", 305900300.46 ,US$ 268.26M,$ 3.26,24.21,21.23,USD
CMP-1891,GT,GenePure Therapeutics,health care,31-12-2024,"$3,505,520,540.25",778593249.97,587.19M,5.96,,16.75%,usd
CMP-1218,BL,BioGenix Laboratories,Health Care,30-09-2021,1273922721.46,"($141,067,676.83)","(201,845,128.72)",-7.0213,-11.07,#VALUE!,USD
CMP-1929,PSC,Precision Systems Corp,Industrials,2021/03/31,"$ 34,087,932,838.67",None,2427728871.91,$ 3.97,None,0.0712,usd
CMP-1415,PFH,Pinnacle Financial Holdings,Fin Services,09/30/2021,None,29621978454.54,USD 27.90B,14.49,40.14,37.81%,$
CMP-1520,AF,Apex Financial,Financials,09/30/2023,108376530924.48,US$ 34.99B,29605240550.76,15.07,0.3228,27.32,USD
CMP1579,UOG,Urban Outfitters Group,Cons. Cyclical,2023/09/30,"20,705,611,944.79","$ 2,141,609,889.93","USD 1,431,631,480.99",1.67,10.34,6.91,USD
CMP-1372,EES,Echo Energy Systems,Energy,31-03-2023,"$ 40,964,863,610.47",12934619292.77,10084988691.31,5.115,150.0%,24.6%,USD
CMP-1387,SLB,Summit Leisure Brands,Consumer Discretionary,2023-09-30,"$51,538,984,484.41",1371722126.65,(1.09B),-0.61,0.0266,(2.1%),USD
CMP1014,MLR,Metro Living Retail,Retail & Consumer,2023-03-31,21438383203.95,"USD 2,710,283,817.58",,$ 2.45,12.6%,8.9%,usd
CMP-1331,,Pioneer Equipment,INDUSTRIALS,2021-09-30,"46,329,883,185.36","USD 5,126,421,157.04",4188380056.35,5.23,11.07,0.0904,$
CMP-1182,CH,Crestview Holdings,Financials,2021/03/31,"$ 30,440,347,351.16",,3310050849.98,4.5,17.42%,10.87%,USD
CMP-1442,PFH,Pinnacle Financial Holdings, Financial Services ,2021-12-31,42839532871.68,13185935668.05,$12.32B,14.16,30.78,-120.5%,$
CMP-1761,SD,  SteriMed Diagnostics  ,HEALTHCARE,12/31/2021,727822180.67,220789403.33,#VALUE!,9.666,30.34%,0.2472,USD
CMP-1665,IG,  InfoCore Global  , Tech ,2024/12/31,20547847759.01,"625,602,631.31","17,804,542.10",0.0488,0.0304,0.09%,usd
CMP-1242,NAI,NextGen Apparel Inc,Consumer Discretionary,2024/03/31,17599512410.97,2324295471.64,"1,430,360,632.23",2.071,13.21%,8.13%,USD
CMP-1119,CFC,Continental Freight Corp,Industrial,FY2021,,$ 1.34B,#VALUE!,None,3.32%,-0.0287,USD
CMP-1934,HCP,helios clean power,ENERGY,Q4 2022,47044593477.50,null,"-$11,644,416,855.77",(9.62),-0.2078,-24.75%,USD
CMP-1334,PHG,pulse health group,Health Care,31-03-2024, 20070811808.10 ,-3108278.97,null,-3.16,-0.02,(5.4%),USD
CMP-1542,PHG,Pulse Health Group,health care,30-06-2022,16803860744.07,2910072881.73,1997127602.11,$ 2.40,17.32,11.88%,$
CMP-1315,MAG,Meridian Asset,Financials,2024/06/30, 104848761598.37 ,"50,345,618,872.13",43.53B,$14.11,48.02,41.5%,USD
CMP-1127,FGHI,Foundry Global Heavy Industries,Industrials,FY2021,"1,498,114,541.88","$ 182,209,932.87",95683536.84,2.74,12.16%,6.39,$
CMP-1763,MAG,Meridian Asset Group,Financials,2024-06-30,,"$29,829,833,439.93",TBD,USD 6.31,31.38,27.13%,$
CMP-1762,NGC,nordic gas corp,ENERGY,2023-09-30,"79,513,122,953.09",16304926535.79,US$ 12.79B,4.83,0.2051,16.08%,USD
CMP-1791,AQC,Apex Quantum Corporation,Information Technology,2022,USD 76.34B,"USD 17,407,446,527.11",12490799679.09,4.85,22.80%,16.36,$
CMP-1515,OG,  OmniSoft Group  ,TECHNOLOGY,2024-06-30,68446340015.0,"21,223,185,564.31","19,792,634,622.65",16.87,31.01%,28.92%,USD
CMP-1458,CS,CyberNova Systems, Tech ,2021/06/30,48673362213.63, 3387579216.96 ,1532551129.78,0.95,6.96,0.0315,USD
CMP-1715,NGC,NORDIC GAS CORP,Enrgy,2021-09-30, 26118595980.70 ,USD 8.42B,7119360379.45,14.712,32.25,27.26,USD
CMP1509,SD,SteriMed Diagnostics,Bio/Pharma,2021-12-31,"49,812,925,292.67",-3022639115.85, -5982641052.04 ,-5.396,-6.07,-12.01%,USD
CMP-1443,CS,CyberNova Systems, Tech ,2024/12/31,"USD 3,146,168,466.68", 1241406587.82 ,-,8.13,39.46,33.73,USD
CMP-1789,AHM,Atlas Heavy Machinery,Industrial,30-06-2022,"$12,548,520,391.29","$ 2,640,603,323.43","2,368,503,463.57",10.3,21.04,18.87%,USD
CMP-1250,UOG,URBAN OUTFITTERS GROUP,Consumer Discretionary,06/30/2022,N/A,-1956858973.39,($ 4.89B),(2.23),999%,-9.00,$
CMP-1217,OAM,Orbital Aerospace Mfg,Ind.,2024-09-30,US$ 25.29B,"2,041,665,094.71","$ 1,318,775,324.93",USD 1.42,-,5.21,USD
CMP-1537,TMW,  Titan Machine Works  ,industrials,2024-03-31,41977774481.93,5407001807.70, 3531546965.77 ,error,12.9%,8.41,USD
CMP-1037,AHM,Atlas Heavy Machinery,Ind.,09/30/2023,"USD 36,586,347,181.94", 4005597299.04 ,"2,839,155,871.01",$3.71,10.95,7.76,$
CMP1550,SLB,Summit Leisure Brands,consumer cyclical,30-09-2022,"USD 31,788,273,781.73","($ 1,194,076,074.59)",($2.99B),-$4.17,(3.8%),-0.0940,USD
CMP-1075,NGC,Nordic Gas Corp,energy,2021-12-31,$24.15B,"10,601,780,304.56",9455686218.67,NA,43.90,0.3916,$
CMP-1554,MLR,Metro Living Retail,Consumer Discretionary,2021-09-30,$ 50.42B,"(USD 1,470,265,823.70)","(3,946,549,671.78)",-2.4813,-0.0292,-7.83,USD
CMP-1355,AS,ALPHABIO SCIENCES,Healthcare,2023/06/30,60.74B,"$12,922,197,338.86","USD 10,639,384,439.44",3.43,21.27%,150.0%,USD
CMP-1571,UOG,Urban Outfitters Group,consumer cyclical,2023/03/31,7741898903.88,848799439.69,522074370.85,2.91,10.96%,6.74%,usd
CMP-1468,CP,Curative Pharmaceuticals,N/A,FY2022,null,1927239430.82,1249981981.12,2.38,0.0658,4.27%,USD
CMP-1262,AB,Aegis BioLabs,Healthcare,FY2023, 47044433780.66 ,727052544.65,-US$ 731.76M,-0.71,1.5%,(1.6%),$
CMP-1705,HB,Horizon Bancorp,,06/30/2021,"75,984,173,790.43","$ 20,109,331,048.69",US$ 17.83B,7.939,26.47%,23.5%,usd
CMP-1310,TB,TrendSet Brands,Cons. Cyclical,2022-03-31,TBD,"155,882,534.90","(526,938,665.17)",(0.76),1.23%,(4.2%),USD
CMP-1896,CH,CRESTVIEW HOLDINGS,Financials,2023/06/30,100956772635.23,"22,659,047,503.48",16559210331.85,$ 8.54,-,0.164,USD
CMP-1886,VRB,Velox Retail Brands,Retail & Consumer,09/30/2023,44073840452.14,"USD 3,994,549,983.67",2090600407.74,0.0,#VALUE!,0.0474,USD
CMP-1532,DS,datasphere solutions,technology,Q4 2023,40241061172.30,#VALUE!,6590349377.13,6.96,19.36%,16.38%,USD
CMP-1439,EES,Echo Energy Systems,Other,2021/09/30,"$23,811,152,697.29",,"4,041,541,086.60",USD 10.12,22.61%,17.0%,USD
CMP-1140,AQC,apex quantum corp,IT,2023/03/31,"USD 42,864,955,432.03","$8,905,882,838.00",$6.34B,N/A,0.2078,14.78%,USD
CMP-1802,UOG,Urban Outfitters Group,Retail & Consumer,2021-03-31,12.67B,1547929393.9,706234321.96,1.69,12.22%,0.0558,USD
CMP-1723,NAI,nextgen apparel inc,Consumer Discretionary,2021-06-30,13387012190.95,1001276957.86,255585088.4,$0.36,0.0748,1.91%,USD
CMP-1524,,Foundry Global Heavy Industries,Industrials,03/31/2022,"28,799,090,971.52",3702436677.53,"$ 1,932,319,559.35",3.66,0.1286,6.71,USD
CMP-1025,VL,Vanguard Logistics,INDUSTRIALS,31-03-2022,"USD 3,805,798,082.60",$20.35M, -110906069.61 ,,0.0053,-2.91%,USD
CMP-1174,DS,DataSphere Solutions,Tech,31-12-2023,"10,068,798,754.10",US$ 2.41B,US$ 2.04B,4.3189,24.0%,20.31%,$
CMP-1403, SLB ,SUMMIT LEISURE BRANDS,Cons. Cyclical,FY2024,23491977775.58,3165452737.88,"USD 2,542,080,919.10",#DIV/0!,13.47%,null,$
CMP-1883,GRB,Global Reserve Bank,Financials,2021-12-31,,15770942346.19,$ 11.11B,$ 7.18,17.91,0.1262,USD
CMP-1644,PC,PrimeConsumer Corp,Retail & Consumer,2022-06-30,"$ 34,737,606,283.58",509086325.53,-1849482717.29,-2.0676,None,-5.32%,USD
CMP-1712,AF,APEX FINANCIAL,FINANCE,12/31/2022,US$ 9.35B,$ 2.54B,2309341801.68,10.37,,24.71%,$
CMP-1105,MS,MicroLogic Systems,Information Technology,2021-06-30,"USD 41,949,240,099.08",$ 17.13B,16269433513.27,None,#VALUE!,38.78%,EUR
CMP-1427, GT ,GenePure Therapeutics,HealthCare ,2023-09-30,"USD 22,040,326,489.16",5398748609.44,-,4.48,24.5%,17.85%,USD
CMP-1574,VHS,Vitas Health Systems,Health Care,31-12-2021,"USD 30,952,448,753.64",(2907159406.62),35595316066.69,$64.31,-9.39%,115.0%,USD
CMP-1664,HCP,  Helios Clean Power  , Oil & Gas ,2021-09-30,74923388613.65,"15,971,115,004.08", 13129351560.74 ,7.81,0.2132,0.1752,USD
CMP-1613,SLB,Summit Leisure Brands,Consumer Cyclical,2021-06-30,-,"2,911,515.39",-512747391.68,($2.49),0.0003,-5.53,usd
CMP-1609,VM,VELOCITY MOTORS,Retail & Consumer,Q4 2024,"$ 14,944,591,422.51","USD 2,204,854,274.70",1276263193.02,-,14.75,0.0854,usd
CMP-1235,AF,Apex Financial,FINANCE,2024/03/31,118523860557.2,40688549550.47,32723394462.59,4.63,34.33%,27.61,USD
CMP-1738,VRB,velox retail brands,Consumer Discretionary,FY2022,3.97B,"446,873,067.36",4565508988.18,59.38,0.1126,1.15,USD
CMP-1184,TO&G,Titan Oil & Gas Ltd,Enrgy,FY2021,14991707594.47,"2,586,002,869.81","1,827,831,562.67",None,17.25,12.19%,USD
CMP-1556, HCP ,Helios Clean Power,Energy & Power,2021-09-30,"35,895,247,823.40","3,389,018,098.86",,3.704,0.0944,6.73%,usd
CMP-1564,FGHI,Foundry Global Heavy Industries,INDUSTRIALS,FY2022, 5680733414.40 ,"587,726,492.18",221772602.55,1.64,10.35%,0.039,USD
CMP-1066, LMI ,Luxe Motors International,Cons. Cyclical,06/30/2024,USD 38.64B,3629565805.50,2203833642.36,$ 1.82,0.0939,5.70%,USD
CMP-1781,SLB,  Summit Leisure Brands  ,Cons. Cyclical,2022, 23424311273.46 ,US$ 457.16M,-1074596236.96,(1.73),1.95%,-4.59%,USD
CMP-1889, VM ,VELOCITY MOTORS,Consumer Discretionary,30-09-2024,"$31,281,788,922.65",6407947902.27,USD 5.32B,9.730,20.48%,17.00,USD
CMP-1236,FGHI,foundry global heavy industries,industrials,FY2024,"33,902,939,260.05","USD 5,671,755,995.67",4.94B,6.75,0.1673,14.6%,USD
CMP-1058,si,SteelCore Industries,Ind.,2023-12-31,43923707003.76,USD 4.45B,1448515650.54,USD 1.92,10.13%,0.033,USD
CMP-1177, VTC ,Vanguardian Trust Co,FINANCE,FY2022,89350371220.95,28626255624.33,"26,689,441,425.33",12.14,0.3204,29.9%,USD
CMP-1045,EES,Echo Energy Systems,Energy,09/30/2022,23355041490.09,5482845165.68,4907023385.63,11.6,0.2348,0.2101,EUR
CMP-1544,PHG,  Pulse Health Group  ,Healthcare,FY2024,$ 7.94B,3122581967.60,2935663917.56,6.88,39.3%,0.3699,$
CMP-1626,HB,horizon bancorp,Financials,FY2021,15186897360.36,US$ 3.92B,"3,310,469,118.62",8.48,0.2582,21.80,$
CMP-1003,OAM,Orbital Aerospace Mfg,Manufacturing ,12/31/2022,25245337946.55,"$1,848,920,925.81",798784268.38,$0.89,7.32,3.16%,USD
CMP-1696,HCP,Helios Clean Power,ENERGY,2021,"USD 5,382,694,196.68",2516195160.35,"$ 2,176,374,783.53",9.33,46.75,40.43,USD
CMP-1944,NAI,NextGen Apparel Inc,Consumer Discretionary,2023-06-30,"$8,675,462,785.39","1,009,072,764.53","584,926,330.75",$3.64,11.63%,6.74,USD
CMP-1454,PEC,PetroDyn Energy Corp,Energy,2022-12-31,31514215216.08,"(371,455,179.80)",($ 1.35B),-$ 1.79,(1.2%),-4.28%,USD
CMP-1566,VTC,Vanguardian Trust Co,FINANCE,2021/12/31,"$115,347,917,603.29",$ 14.54B,10267578713.95,3.5,12.60%,8.90%,USD
CMP1938,VHS,Vitas Health Systems,Healthcare,2021-06-30,"$2,330,951,958.36",934355987.72,"USD 865,192,523.98",16.28,40.08,37.12,EUR
CMP-1590,DS,DataSphere Solutions,Technology,09/30/2022,64078359203.50,N/A,"15,721,404,108.36",USD 13.02,0.3037,24.5%,USD
CMP-1538,CH,Crestview Holdings,Financials,Q1 2022,119140175628.19,28604223559.22,N/A,6.81,24.01,0.2004,USD
CMP-1859,NAI,NextGen Apparel Inc,Cons. Cyclical,Q2 2022,"6,226,455,697.65",#VALUE!,71568022.4,0.318,6.2%,1.1%,USD
CMP-1688,HCP,HELIOS CLEAN POWER,ENERGY,Q3 2021,"USD 35,397,032,785.37","$11,849,141,530.84",10324031801.13,None,33.47%,0.0%,USD
CMP-1907,BL,BioGenix Laboratories,HealthCare ,FY2021,"27,293,352,303.57","$ 2,567,256,430.55",1791847302.70,$ 3.58,9.41%,6.57,usd
CMP-1059,BCG,beacon capital group,Banking & Finance,2023/09/30,102405231819.44,"$36,254,942,218.18",32699182229.22,10.32,35.4%,31.93%,EUR
CMP-1656,SI,,Manufacturing ,30-06-2022,USD 27.18B,"$ 2,977,308,503.54",2417336920.93,$ 1.37,0.1096,8.90%,USD
CMP-1706,BCC,,Banking & Finance,2023-03-31,"$90,187,493,864.09",22598597150.02,US$ 19.55B,N/A,25.1%,-120.5%,USD
CMP-1716,SWP,Sterling Wealth Partners,Financial Services,FY2022,113624027352.13,None,"23,762,155,449.84",9.74,25.85%,0.2091,USD
CMP1390,PEC,PetroDyn Energy,ENERGY,2023-06-30,null,"$1,233,556,008.50","(57,469,216.17)",-0.2,6.11,-0.28,USD
CMP-1222,PEC,PetroDyn Energy,ENERGY,2021-03-31,US$ 49.54B,"$ 3,832,121,575.06",1347428001.30,$ 0.71,0.0774,2.72%,USD
CMP-1430,seg,Solaris Energy, Oil & Gas ,2023/09/30,84314403069.78,,(US$ 13.67B),-8.71,-0.1013,-16.21%,USD
CMP-1604,CP,Curative Pharmaceuticals,Health Care,03/31/2024,9355507410.15, 297425997.44 ,(122026036.21),-0.36,3.18,(1.3%),EUR
CMP-1735,SD,SteriMed Diagnostics,health care,12/31/2024,$32.71B, -4375422002.25 ,-US$ 5.12B,-5.8086,-13.38%,-15.66,USD
CMP-1202,AB,Aegis BioLabs,Bio/Pharma,2022-12-31,"26,097,537,912.03",($ 1.00B), -1761608470.42 ,(3.63),-3.84%,-0.0675,USD
CMP-1058,si,SteelCore Industries,Ind.,2023-12-31,43923707003.76,USD 4.45B,1448515650.54,USD 1.92,10.13%,0.033,USD
CMP-1871,VTC,vanguardian trust co,FINANCE,2024/12/31,$22.53B,3.49B,#VALUE!,6.6,0.1549,N/A,USD
CMP-1676,,CyberNova Systems,Information Technology,12/31/2023,45.89B,N/A,5937382220.27,None,15.1%,12.94,USD
CMP-1777,VM,  Velocity Motors  ,Consumer Cyclical,2021-09-30,41273781135.02,NA,1911737719.44,2.276,11.17%,4.63%,USD
CMP-1507,VRB,Velox Retail Brands,Consumer Cyclical,31-12-2023,35394216862.22,"$ 3,944,893,610.60",2008563476.66,2.16,None,5.67%,usd
CMP-1146,PE,PIONEER EQUIPMENT,Industrial,Q4 2021,"24,619,115,928.50",1032555305.83,-10571859.07,-0.0,0.0419,-0.04%,USD
CMP-1072,PFH,Pinnacle Financial Holdings,Banking & Finance,2023-03-31,65014024056.73, 27068169516.74 ,22595685507.10,13.29,41.63%,34.76,USD
CMP-1286,MAG,MERIDIAN ASSET GROUP,FINANCE,30-09-2024,"$ 25,808,633,071.80",7417933354.47,US$ 6.43B,13.4198,28.74%,null,USD
CMP-1346,CS,CyberNova Systems,TECHNOLOGY,2023/06/30,27691107667.04,1.85B,US$ 328.53M,0.385,6.66%,#DIV/0!,USD
CMP-1888,BL,biogenix laboratories,Health Care,30-06-2021,38697491877.26,8425787240.4,7452032560.75,USD 4.38,21.77%,19.26%,EUR
CMP-1024,GRB,GLOBAL RESERVE BANK,Financial Services,2024/09/30, 108935706928.95 ,"24,680,294,522.57","18,386,255,514.08",4.269,22.66%,16.88%,USD
CMP-1608,TO&G,Titan Oil & Gas,Enrgy,FY2023,23824855639.58,"-$ 345,960,473.04",(USD 943.84M),(1.24),-0.0145,-3.96%,USD
CMP-1841,CP,curative pharmaceuticals,Bio/Pharma,2022,"43,035,438,495.13","11,004,839,135.03","$9,840,249,509.38",9.30,0.2557,0.2287,$
CMP-1730, CS ,CyberNova Systems,Information Technology,2023,"31,638,932,825.80","7,544,614,540.79",$ 6.06B,5.19,23.85,19.2%,USD
CMP-1737,IG,InfoCore Global,,2024-09-30,"USD 22,231,075,339.05",3887417298.72,"3,265,511,566.71",3.26,17.5%,,USD
CMP-1311,SEG,Solaris Energy Group,energy,09/30/2023,3396661458.45, 820531270.22 ,"708,834,964.26",7.47,0.2416,20.9%,usd
CMP-1088,CFC,Continental Freight Corp,Manufacturing ,2021/12/31,None,1020583057.84,"651,538,514.68",5.42,17.7%,0.1128,EUR
CMP-1050,BCC,BlueStone Credit Corp,Banking & Finance,31-03-2024,65983434587.18,"25,399,316,186.45",#VALUE!,16.642,0.3849,-,USD
CMP1400,TB,TrendSet Brands,consumer cyclical,2023-09-30,"3,293,192,373.25","$152,083,109.16", 66232063.86 ,NA,4.62,2.01%,USD
CMP-1559,ALG,Aura Lifestyle Goods,Cons. Cyclical,2022-03-31,None,2.63B,"USD 1,700,417,799.29",$ 4.18,0.1528,9.89%,USD
CMP-1704,OG,  OmniSoft Group  ,technology,2023-12-31,"$4,951,292,924.05",,1152859498.74,10.53,28.49,N/A,USD
CMP-1780,VRB,Velox Retail Brands,consumer cyclical,30-06-2022,null,631653866.61,151338157.44,0.25,4.22%,1.01,USD
CMP-1035,VL,vanguard logistics,Manufacturing ,12/31/2022,USD 13.46B,1073122502.30,"USD 192,555,376.79",0.4,None,1.43,USD
CMP-1040,TB,TrendSet Brands,consumer cyclical,2024-06-30,2338555271.36,426543822.34,"377,833,139.18",$6.15,18.24,16.16,USD
CMP-1002,LMI,Luxe Motors International,Consumer Cyclical,2024-09-30, 1230088736.84 ,"$ 55,535,199.94",19653234.11,0.46,4.51%,1.60%,USD
CMP-1776,TPC,TerraGreen Power Co,ENERGY,2024-03-31,59134772687.41,608.19M, -1150993356.80 ,-1.07,1.03,(1.9%),USD
CMP-1800, SD ,SteriMed Diagnostics,HealthCare ,2024-06-30,56199006386.69,"23,122,053,262.22","$ 19,214,313,920.73",16.8,N/A,34.19%,usd
CMP-1510,SI,steelcore industries,Industrials,2021-03-31,TBD,"USD 1,624,264,883.68",1020026003.41,1.6209,12.91%,8.11%,USD
CMP-1815,DS,DataSphere Solutions,Technology,2023-06-30, 75065322181.61 ,,USD 11.20B,#DIV/0!,0.2021,14.92,usd
CMP-1856,SAI,Synapse AI Inc,Unknown,2022-12-31,USD 52.34B,$ 11.65B,"9,290,477,864.37",3.06,22.26,17.75,USD
CMP-1270,CE,Crestline Exploration,Energy,12/31/2023,"USD 32,168,731,727.49",510927673.11,"(USD 1,448,095,049.48)",-2.36,1.59%,-4.50,usd
CMP-1341, VM ,Velocity Motors,Consumer Discretionary,2022-03-31,"2,746,840,933.44",268634723.31, 79490802.22 ,$ 0.96,null,2.89,USD
CMP-1551,CH,crestview holdings,Financial Services,2022-12-31,101518842249.89,NA, 30317616971.12 ,10.26,35.3%,N/A,$
CMP-1402,VRI,  Vortex Resources Inc  ,energy,Q3 2022,USD 48.64B,-US$ 6.62B,"($ 9,113,679,289.32)",-7.25,(13.6%),(18.7%),USD
CMP-1317,VHS,Vitas Health Systems,Healthcare,03/31/2022,"$ 41,080,889,488.41",US$ 7.34B,,0.0,17.9%,12.20,USD
CMP-1895,IG,InfoCore Global,,FY2023,"7,335,805,808.12",1157348386.82,None,USD 4.20,15.78,11.44,USD
CMP-1839,TO&G,Titan Oil & Gas Ltd,Energy,2022-12-31,TBD,3.45B,"2,625,868,263.67",$6.31,20.21,0.1537,$
CMP-1786,ALG,Aura Lifestyle Goods,Consumer Cyclical,2021-06-30,12107487153.59,"($139,911,495.75)",($ 782.80M),-3.34,-1.16,-6.47,$
CMP-1705,HB,Horizon Bancorp,,06/30/2021,"75,984,173,790.43","$ 20,109,331,048.69",US$ 17.83B,7.939,26.47%,23.5%,usd
CMP-1433,PHG,Pulse Health Group,health care,2022-03-31,"USD 42,678,026,502.26",5445423567.88,"$ 4,213,247,551.55",$3.90,12.76%,0.0987,EUR
CMP-1417,SAI,Synapse AI Inc, Tech ,Q3 2023,"$7,344,602,561.49",3.13B,2.72B,6.77,0.4267,37.08,EUR
CMP-1142,VL,VANGUARD LOGISTICS,INDUSTRIALS,2024/12/31,3044412717.85, 516316561.50 ,341527741.26,2.61,0.1696,0.1122,USD
CMP-1506,BL,BIOGENIX LABORATORIES,HealthCare ,12/31/2024,44636361608.86,3823966785.47,1063116035.90,0.657,8.57%,2.4%,USD
CMP-1647,AD,Aeroflux Dynamics,Ind.,Q1 2022,"20,843,230,185.79","$ 1,391,607,378.98",928991944.78,1.0,0.0668,4.46%,USD
CMP-1928,SWP,STERLING WEALTH PARTNERS, Financial Services ,12/31/2023,70725760851.68,"$22,238,896,618.41", 18899938178.38 ,$ 7.32,31.44,26.7%,USD
CMP-1023,PSC,  Precision Systems Corp  ,Industrials,Q1 2024,30591330491.31, 3234712414.99 ,"USD 2,142,057,419.72",$2.65,10.57%,7.00%,USD
CMP-1159,TO&G,Titan Oil & Gas Ltd,Enrgy,Q1 2022,#VALUE!,USD 2.34B,"($236,096,865.54)",(0.12),4.41,-0.44%,-
CMP-1628,MS,MicroLogic Systems,TECHNOLOGY,2021/06/30,81902910589.31,37851344594.36,null,21.26,46.21%,42.66%,USD
CMP-1652,NAI,NextGen Apparel Inc,Cons. Cyclical,2021-12-31,53966663238.25, 6094050317.92 ,2564903630.24,USD 2.73,0.1129,4.75,USD
CMP1396,PSC,PRECISION SYSTEMS CORP,Ind.,2024,17717548139.32,2578665763.00,1841174701.24,USD 3.02,N/A,10.39%,USD
CMP-1939,LMI,Luxe Motors International,Retail & Consumer,FY2021,TBD,N/A,None,-$ 1.98,0.0284,-3.59%,usd
CMP-1517,AHM,Atlas Heavy Machinery,Ind.,FY2024,5.51B,"$ 402,955,957.78",98871206.55,$ 0.71,7.3%,0.0179,usd
CMP-1248,PSC,precision systems corp,Industrials,31-03-2023,11552649739.39,1027894305.32,$ 630.92M,$1.55,8.90,5.46,USD
CMP-1858,TO&G,Titan Oil & Gas Ltd,ENERGY,2021-09-30,$ 79.80B,-11137544328.96,($12.93B),-7.71,-0.1396,-0.1620,USD
CMP-1258,TB,TrendSet Brands,Cons. Cyclical,06/30/2024,"USD 12,387,587,053.76","2,743,139,260.72",$2.14B,3.3,0.2214,#DIV/0!,USD
CMP-1047,TB,TrendSet Brands,Retail & Consumer,03/31/2024,,7473948349.69,-,$4.36,15.14,8.71,USD
CMP-1583,SEG,Solaris Energy,Enrgy,2021,"10,825,467,874.26",US$ 4.42B,3743960329.40,USD 12.02,0.4085,0.3458,$
CMP-1825,VTC,VANGUARDIAN TRUST CO,Financial Services,Q1 2021,"36,136,189,832.53","$8,445,693,603.20",TBD,,23.4%,20.21,USD
CMP-1745,PHG,Pulse Health Group,health care,30-06-2022,USD 54.48B,8296474600.99,4867788782.59,4.35,15.23,8.94%,EUR
CMP-1954,VRI,VORTEX RESOURCES INC,Energy,2024-03-31,$41.05B,12528762413.3,11243451170.80,12.64,30.5%,27.39,$
CMP-1290,CS,CyberNova Systems,technology,2022/06/30,USD 78.28B,,"USD 25,507,106,965.18",6.607,36.99,32.6%,USD
CMP-1946,NSC,Nexus Software Corp,technology,FY2024,$35.04B,"-$ 11,515,332.63",-1700825942.31,($2.59),-0.0003,-4.85,USD
CMP-1191,TB,TrendSet Brands,consumer cyclical,09/30/2021,"$ 18,502,328,566.36",2061846949.31,"949,067,463.15",$ 0.78,11.1%,0.0%,USD
CMP-1614,AS,AlphaBio Sciences,HEALTHCARE,2021,62795804032.95,(1184449603.74), -2771189434.88 ,-2.21,(1.9%),-0.0441,USD
CMP-1091,seg,Solaris Energy Group,Enrgy,06/30/2023,88456567269.54,"(7,050,220,058.85)","($ 12,615,963,670.66)",($4.89),(8.0%),(14.3%),usd
CMP-1503,LMI,Luxe Motors International,Consumer Cyclical,03/31/2024,"41,210,565,899.29",2281313096.26,null,$0.12,5.54,0.0028,usd
CMP-1366,VRB,VELOX RETAIL BRANDS,Consumer Discretionary,2024-12-31,TBD,"$ 8,562,321,262.07",7440887035.37,NA,18.9%,16.44,USD
CMP-1211,CE,Crestline Exploration,Energy & Power,FY2021,32801739735.45,15011507838.76,"USD 13,929,996,046.82",$13.63,0.4576,0.4247,USD
CMP-1512,CS,CyberNova Systems,Technology,2023-09-30,"$46,533,101,482.93",$ 11.65B,"10,461,403,799.95",-,N/A,0.2248,USD
CMP-1519,LMI,Luxe Motors International,consumer cyclical,09/30/2022,"$16,565,559,221.73",1030774584.88,"83,892,853.11",0.1,6.22%,0.51%,-
CMP-1295,TPC,, Oil & Gas ,31-03-2022,"USD 28,062,113,688.03","452,677,133.68",#VALUE!,-$ 2.07,1.61%,-0.0386,USD
CMP-1801,BI,bytewave interactive,Technology,06/30/2022,US$ 37.68B,"$16,223,402,956.92","USD 14,137,142,899.19",12.2,43.1%,37.5%,None
CMP-1225,MAG,MERIDIAN ASSET GROUP,Financial Services,2024/12/31, 112438519797.17 ,"$11,765,862,223.52",5398625714.83,1.185,10.46%,4.80%,USD
CMP-1208,TO&G,TITAN OIL & GAS LTD,Enrgy,Q4 2024,"$ 68,754,225,060.36","USD 12,529,588,527.64",USD 9.79B,$ 6.42,18.22,14.24,USD
CMP-1569,SAI,Synapse AI Inc.,technology,2021-12-31,16663832544.41,$6.12B,$5.74B,$ 10.47,36.73,34.4%,USD
CMP-1744, VTC ,Vanguardian Trust Co,Banking & Finance,2023/06/30,66538531413.05,9310909759.91,5122918796.32,3.500,13.99%,7.7%,EUR
CMP-1612,PC,PrimeConsumer Corp,consumer cyclical,2022/09/30,"$27,210,390,821.09",$4.74B,3236236857.75,USD 1.81,0.1741,None,USD
CMP-1344,VTC,Vanguardian Trust Co,FINANCE,2022/09/30,"$96,999,159,250.37",34157926788.57,30105382837.54,$16.08,#VALUE!,31.04%,USD
CMP-1893, FGHI ,  Foundry Global Heavy Industries  ,Manufacturing ,FY2024,$ 39.55B,"6,159,126,837.17",USD 3.75B,3.4543,0.1557,#DIV/0!,usd
CMP-1267,BCG,  Beacon Capital Group  ,Financials,31-12-2021,,"32,374,871,404.32",26860598860.51,USD 12.19,32.2%,26.7%,USD
CMP-1875,MLR,METRO LIVING RETAIL,Cons. Cyclical,2024,"44,975,690,817.11",5800083569.48,"3,198,131,656.12",1.24,0.1290,7.11%,USD
CMP-1585,ah,Apex Hydrocarbons,ENERGY,2021,N/A,None,26385316855.12,10.926,32.06,30.0%,USD
CMP-1855,VRB,  Velox Retail Brands  ,Consumer Cyclical,12/31/2022,NA,657708664.9,"USD 238,479,658.41",$0.80,5.81%,0.0211,$
CMP-1771,CE,Crestline Exploration, Oil & Gas ,30-06-2022,$ 62.56B,"$1,803,653,519.61", -1664617357.15 ,-0.4091,2.88,(2.7%),usd
CMP-1410,BCG,Beacon Capital Group,Financials,12/31/2022,18260825163.87,$ 7.25B,"6,446,452,307.99",11.27,0.3968,35.30%,$
CMP-1137,OMG,OmniCare Medical Group,health care,2024/03/31, 11267006038.41 ,1166013787.38, 832347589.81 ,$1.24,10.35%,0.0739,USD
CMP-1033,slb,Summit Leisure Brands,Consumer Cyclical,2022/09/30,"13,922,848,040.81",2286654093.70,"1,662,041,363.58",3.41,16.42,11.94%,$
CMP-1872,AS,AlphaBio Sciences,Bio/Pharma,31-12-2023,4092605267.94,N/A,"-$383,346,001.08",-3.2879,(2.5%),-9.37,None
CMP-1031,BI,bytewave interactive,IT,2024-03-31,"USD 28,796,647,293.60","7,529,233,408.24",5595668553.71,USD 5.74,26.15%,0.1943,USD
CMP-1009, CE ,Crestline Exploration,Energy,2022-09-30,$47.29B,1210696356.6,183493085.76,,2.56%,0.0039,USD
CMP-1429,HCP,Helios Clean Power,Energy,2024-09-30,"$ 23,245,461,268.17",-4895936559.94, -5502063562.15 ,(5.65),null,(23.7%),USD
CMP-1844,PSC,Precision Systems Corp,Industrials,06/30/2022,"27,471,951,300.59","USD 2,348,816,347.35","703,614,226.85",0.808,8.55%,2.56,USD
CMP-1406,VTC,vanguardian trust co,Banking & Finance,2022-12-31,"USD 50,113,633,582.12","$12,069,543,880.19","10,416,262,011.40",$ 10.23,24.08%,None,USD
CMP-1070,VHS,  Vitas Health Systems  ,,2024-03-31,8328768481.36,"3,328,682,462.35",#VALUE!,USD 15.87,0.3997,36.9%,USD
CMP-1887,VTC,  Vanguardian Trust Co  , Financial Services ,09/30/2024,$ 117.67B,22216217726.13,18599531017.36,2.85,0.1888,15.81,USD
CMP-1098,VL,Vanguard Logistics,Industrial,2023/09/30,"2,875,913,429.60",(104399230.54),(289565518.17),-3.100,(3.6%),-10.07,CAD
CMP-1619,GRB,Global Reserve Bank, Financial Services ,FY2023,-,#VALUE!, 16142737863.63 ,11.16,24.80,20.44,USD
CMP-1336,TB,TrendSet Brands,Consumer Discretionary,2021/06/30,US$ 47.76B,"5,389,015,926.90",#VALUE!,$ 2.93,11.28,5.09%,usd
CMP-1787,IG,INFOCORE GLOBAL,Technology,30-09-2021,"USD 66,165,441,880.82",$ 19.46B,USD 76.09B,26.96,29.41%,#DIV/0!,USD
CMP-1117,NGC,nordic gas corp,Energy & Power,30-09-2022,82343037557.79,33414685455.77,31581652572.07,6.21,40.58,38.35%,USD
CMP-1600,BI,ByteWave Interactive,technology,2024-12-31,$30.51B,"$3,583,133,073.82",US$ 1.62B,USD 2.00,0.1174,5.30%,USD
CMP-1655,TB,TrendSet Brands,Consumer Discretionary,31-03-2024,$ 35.27B,$190.48M,(USD 1.69B),,0.0054,-4.79,USD
CMP-1504,VHS,Vitas Health Systems,Bio/Pharma,Q1 2022,22956181533.90,3065024139.93,$ 1.48B,2.81,13.35%,6.46,usd
CMP-1342,CE,Crestline Exploration,energy,FY2021,US$ 82.79B, 16665524846.97 ,"USD 11,953,130,590.47",$7.87,0.2013,999%,USD
CMP-1116,CT,CloudScale Technologies,IT,12/31/2021,"$ 80,740,522,642.82",24951692789.77,"21,648,424,269.82",15.28,30.90%,26.8%,$
CMP-1051,FGHI,Foundry Global Heavy Industries,Manufacturing ,12/31/2024,"$ 11,479,486,309.35",2327550755.01,"USD 1,911,189,959.82",8.09,-120.5%,#VALUE!,USD
CMP-1431, BI ,ByteWave Interactive,technology,2022/12/31,71976741637.87,"23,720,656,876.73","$ 18,974,055,159.18",6.95,32.96,26.36,usd
CMP-1767,AS,,Health Care,31-12-2024,USD 4.40B,"$1,322,665,432.91",USD 1.09B,4.55,30.05%,0.2481,USD
CMP-1687,PFH,  Pinnacle Financial Holdings  , Financial Services ,12/31/2021,,"$ 4,516,736,214.20","$ 3,942,325,638.82",$11.89,35.9%,0.3136,usd
CMP-1489,,TerraGreen Power Co, Oil & Gas ,FY2022,"50,871,227,954.76",12036837209.58,10617644860.54,$9.67,23.66%,0.2087,USD
CMP-1291,ALG,Aura Lifestyle Goods,consumer cyclical,2022/03/31,#VALUE!,763400996.58,384934943.11,1.8971,0.1095,5.52%,USD
CMP-1370,BL,biogenix laboratories,health care,2022-09-30,15138005479.85,$5.81B,5126949287.33,20.1347,38.35,33.87%,USD
CMP-1021,,aeroflux dynamics,Ind.,12/31/2021,"USD 26,993,952,219.63", 2826097757.16 ,1245646151.84,$1.72,10.47,4.61%,USD
CMP-1704,OG,  OmniSoft Group  ,technology,2023-12-31,"$4,951,292,924.05",,1152859498.74,10.53,28.49,N/A,USD
CMP-1013, VTC ,Vanguardian Trust Co,Fin Services,FY2024, 23759148631.57 , 8747550775.03 ,8218639708.43,10.25,36.8%,34.59%,USD
CMP-1638,EES,Echo Energy Systems,Energy & Power,Q3 2023,91481609098.93,"9,419,772,885.75",6559228650.87,$1.71,10.3%,0.0717,USD
CMP-1249,CS,CyberNova Systems,Tech,FY2021,USD 19.97B,N/A,$ 2.02B,1.601,12.34%,#VALUE!,USD
CMP-1264,CT,cloudscale technologies,Information Technology,12/31/2022, 40927771086.17 ,14925350037.7,"USD 13,395,041,833.84",$14.89,36.5%,32.73%,usd
CMP-1077,AS,AlphaBio Sciences,HEALTHCARE,2022-06-30,16162695838.42,6694849770.47,6083921947.11,18.48,0.4142,37.6%,USD
CMP-1757,PC,PrimeConsumer Corp,Cons. Cyclical,FY2022,7.94B,"$198,446,703.10","-$235,217,045.43",-0.72,2.50,-2.96,USD
CMP-1090,CH,Crestview Holdings,Financials,12/31/2024,$ 90.15B, 9125997252.06 ,$3.82B,1.29,10.1%,4.24%,USD
CMP-1130, BCG ,  Beacon Capital Group  ,Financials,2022/03/31,"$108,527,795,730.90", 32559797540.93 ,"26,136,834,921.78",$ 7.91,0.3000,24.1%,USD
CMP-1186,UOG,  Urban Outfitters Group  ,Retail & Consumer,30-06-2023,None,-,2507250607.58,USD 2.68,9.30%,6.54%,USD
CMP-1711,AD,Aeroflux Dynamics,Industrial,31-12-2023,"46,493,567,441.79",,2364440625.61,USD 0.94,10.10,0.0509,$
CMP-1205,PSC,Precision Systems Corp,industrials,2024/06/30,31669278338.66,3329350454.26,USD 2.65B,2.09,,8.4%,usd
CMP-1639,HCP,Helios Clean Power,energy,30-06-2023,$13.81B,317493786.80,"-$ 388,272,147.52",,null,-2.81%,USD
CMP-1469,,  NextGen Apparel Inc  ,Consumer Discretionary,FY2024,7744570874.36,$ 613.05M,"251,991,248.56",1.0900,7.92,3.25,usd
CMP-1200,ds,datasphere solutions,Technology,2024-03-31,3251239316.91, 1717926311.65 ,USD 1.64B,25.2,0.5284,50.51%,USD
CMP-1751,PE,Pioneer Equipment,industrials,2024/06/30,29219198466.62,,None,1.0,0.0898,-120.5%,USD
CMP-1698,IG,INFOCORE GLOBAL, Tech ,Q3 2021,null,973392613.71,"253,389,563.61",error,8.59%,2.24%,usd
CMP-1388,HB,Horizon Bancorp,Financial Services,FY2022,"47,818,687,593.79",$23.70B,"$ 21,508,383,987.19",25.36,49.56%,0.4498,USD
CMP-1690,TMW,titan machine works,industrials,FY2022,"$13,242,547,697.70","USD 959,857,728.45", 466346410.77 ,1.06,7.25%,0.0352,USD
CMP-1141,NSC,Nexus Software Corp,Information Technology,FY2024,$7.09B,1595029641.41, 1143720890.37 ,9.11,22.51%,16.14%,$
CMP-1288,HB,Horizon Bancorp,Fin Services,31-12-2023,NA,"36,576,420,805.39",TBD,14.21,0.3508,28.85,CAD
CMP-1165,NSC,  Nexus Software Corp  ,TECHNOLOGY,30-09-2022,50689947140.58,15776238907.0,"$ 13,567,231,360.67",8.98,31.12,26.77%,-
CMP-1869,BCG,Beacon Capital Group,Banking & Finance,2022/09/30,37631968460.92,,"USD 13,052,240,792.51",$ 6.43,38.38%,0.3468,usd
CMP-1375,FGHI,foundry global heavy industries,Ind.,2023-06-30,"24,972,582,788.69",USD 1.50B,null,1.88,6.0%,3.68%,EUR
CMP-1629,AB,  Aegis BioLabs  ,Bio/Pharma,2024/06/30,"50,258,062,603.40","9,278,176,170.68",$6.96B,8.16,18.46,13.85,USD
CMP-1017,pc,PrimeConsumer Corp,Consumer Cyclical,31-12-2022,4165051380.20,"$ 555,055,187.23",397102750.75,$1.93,13.33,0.0953,USD
CMP-1016,NGC,nordic gas corp,Enrgy,30-06-2023,7545035827.74,"$ 1,846,889,737.49", 1420969760.86 ,$9.36,-,0.1883,usd
CMP-1272,MAG,meridian asset group,Other,2023-03-31,74.15B,20943634274.17,N/A,10.86,0.2825,24.95,USD
CMP-1294,NGC,Nordic Gas Corp,Energy & Power,12/31/2022,-,173963598.19,TBD,2.72,0.1089,0.0649,USD
CMP-1199, SWP ,Sterling Wealth Partners, Financial Services ,FY2022,"$ 107,797,098,446.05","$31,792,453,402.83",28530838532.89,6.241,0.2949,0.2647,USD
CMP-1240,TO&G,Titan Oil & Gas Ltd,energy,FY2024,"USD 22,235,835,123.69",(1059477003.49),"(2,309,983,427.71)",-1.864,(4.8%),-10.39%,USD
CMP-1536,PEC,PetroDyn Energy Corp, Oil & Gas ,09/30/2022,US$ 8.73B,None,"(USD 495,711,679.72)",-$2.15,(2.0%),-5.68,USD
CMP-1386,PFH,Pinnacle Financial Holdings,Banking & Finance,06/30/2023,4628397548.81,800437692.58,$ 624.53M,2.5562,17.29%,0.1349,CAD
CMP-1932,PSC,Precision Systems Corp,Manufacturing ,2021-12-31,"$39,252,578,348.77",(US$ 1.14B),"(3,631,518,787.74)",-1.74,-2.90,#DIV/0!,USD
CMP-1749,BCG,beacon capital group,FINANCE,30-06-2023,"$ 2,589,737,282.54","$ 1,176,942,150.27",US$ 1.10B,23.477,45.45%,42.62,USD
CMP-1621, VM ,Velocity Motors,Consumer Discretionary,FY2022,N/A,"$6,318,854,092.84","4,276,493,601.46",USD 3.48,#VALUE!,11.92%,$
CMP-1041,CT,CloudScale Technologies,technology,2023-09-30,$ 19.37B,6291375668.86,"$ 5,279,221,636.23",6.23,0.3248,27.3%,usd
CMP-1303,TB,,consumer cyclical,2021-06-30,51498052318.78,1652432478.98,US$ 488.65M,$ 0.37,3.21%,0.95%,USD
CMP-1416, AS ,AlphaBio Sciences,HealthCare ,2021/12/31,9828971533.04,1613754668.39,"$ 1,082,878,263.84",USD 1.86,16.42,11.0%,
CMP-1810, HB ,  Horizon Bancorp  ,Banking & Finance,2024-12-31,100532839448.49,33407856798.40,USD 27.88B,,33.2%,27.73%,usd
CMP-1412,IG,InfoCore Global,technology,2024/03/31,US$ 75.84B, 27082093616.33 ,23905760769.71,-,#DIV/0!,31.52,USD
CMP-1408,EES,ECHO ENERGY SYSTEMS,Energy & Power,2023, 1645413203.85 ,-64070945.40, -142060198.39 ,-USD 3.06,-3.89%,-0.0863,USD
CMP-1358,VM,Velocity Motors,Consumer Cyclical,Q3 2024,"USD 39,416,672,014.85","$ 1,726,473,335.84","USD 697,922,687.33",0.4,4.38%,1.77%,EUR
CMP-1444,VHS,Vitas Health Systems,health care,09/30/2024,62278130329.35,-5105377433.62,"-$ 6,814,563,510.36",-3.15,(8.2%),-10.94%,EUR
CMP-1624,VM,,Consumer Cyclical,30-09-2021,6.22B,-US$ 153.25M,"(537,613,044.67)",-1.353,(2.5%),-8.64%,USD
CMP-1726,VTC,Vanguardian Trust Co,Financials,2022/09/30,7784397600.42,"$ 3,506,882,131.74","$ 3,115,042,130.63",18.1192,45.05,0.4002,USD
CMP-1910,GT,GenePure Therapeutics,HEALTHCARE,2024-06-30, 59574021751.02 ,21998633969.41,"19,606,109,582.81",16.1,36.93,32.91,USD
CMP-1385,CS,cybernova systems,Technology,2021-06-30,70241838426.93,$17.35B,13201231871.85,8.81,24.70%,18.79,USD
CMP-1110,FGHI,Foundry Global Heavy Industries,INDUSTRIALS,FY2024, 30255606793.92 , 2413309608.66 , 858839947.21 ,NA,7.98%,2.84,USD
CMP-1813,VTC,Vanguardian Trust Co,Fin Services,2022/09/30,"$ 110,580,509,211.89",,"22,070,342,087.96",8.32,24.87%,#VALUE!,usd
CMP-1646, VRB ,Velox Retail Brands,Cons. Cyclical,FY2022, 4285533066.75 ,559226497.52,US$ 375.02M,3.46,0.1305,#VALUE!,USD
CMP-1596,HB,Horizon Bancorp,Banking & Finance,03/31/2023,None,1665520943.52, 1446085401.18 ,5.83,26.39,22.91%,USD
CMP-1947,IG,InfoCore Global,Tech,2021/03/31,,US$ 2.17B,"1,020,137,117.89",2.72,12.59%,0.0591,USD
CMP-1808,FGHI,foundry global heavy industries,Manufacturing ,2021/09/30,13300799660.08,"USD 1,839,329,223.50",1174753361.17,2.04,13.83,8.83,USD
CMP-1806,NAI,NextGen Apparel Inc,Cons. Cyclical,FY2022, 37296485602.21 ,"4,233,057,892.74",3175036723.53,3.1937,11.35%,8.5%,USD
CMP-1437,TMW,titan machine works,Ind.,30-06-2022,27173253018.09,"$ 5,034,668,862.93","3,555,241,071.92",7.1043,18.53%,0.1308,$
CMP-1728,AQC,  Apex Quantum Corp  , Tech ,2022-03-31,"USD 68,461,913,524.36","USD 3,556,572,634.90",76025063.21,NA,5.19%,0.11%,USD
CMP-1633,CS,CyberNova Systems,technology,FY2023,"2,152,032,750.17","USD 124,444,539.50",-$ 15.28M,-USD 0.36,5.78,-0.71,$
CMP-1894,PE,Pioneer Equipment,Manufacturing ,FY2021,"$ 16,917,218,954.96","3,226,950,042.12","USD 2,611,011,454.67",3.77,19.1%,15.43%,USD
CMP-1811, VM ,Velocity Motors,Cons. Cyclical,09/30/2024,44174320321.87,"$7,061,354,813.63", 4055468688.49 ,3.591,15.99,0.0918,EUR
CMP-1457,,STERIMED DIAGNOSTICS,HEALTHCARE,2023/12/31,26691025439.08,"($594,420,535.63)","($ 2,249,000,252.89)",(USD 2.72),-2.23%,(8.4%),USD
CMP-1678,SWP,Sterling Wealth Partners,Banking & Finance,2022-06-30,62844468675.94,13.00B,10787349451.49,4.35,20.68%,0.1717,USD
CMP-1708, PE ,Pioneer Equipment,industrials,31-03-2022,8707980974.74, 1880504672.89 ,1399582725.65,$5.47,0.216,16.1%,USD
CMP-1814,PEC,PetroDyn Energy Corp,energy,09/30/2021,$34.04B,"-$181,720,222.88","(1,895,392,894.10)",-3.04,-0.53%,null,USD
CMP-1674,OMG,  OmniCare Medical Group  ,Bio/Pharma,31-12-2024,52722237479.03,"$3,871,353,896.53",,$0.93,7.34%,1.9%,USD
CMP-1863,IG,InfoCore Global,IT,12/31/2023,1775342949.02,null,"$ 305,929,582.44",6.65,999%,17.2%,USD
CMP-1357,VRI,Vortex Resources Inc,Energy & Power,31-03-2023, 51450740645.81 ,"($ 1,912,373,996.67)",-3742239394.1,error,-3.72%,-7.27%,USD
CMP-1053,SAI,Synapse AI Inc,Information Technology,FY2024,31350685889.59,None,$ 9.39B,$ 7.78,33.3%,29.96%,USD
CMP-1694,FGHI,Foundry Global Heavy Industries,Manufacturing ,2023,"18,522,919,244.54", 1959350148.58 ,"1,371,272,093.42",3.46,10.6%,-120.5%,usd
CMP-1221,SLB,Summit Leisure Brands,Consumer Cyclical,2022-12-31,$ 50.30B,"8,763,964,643.11","$ 6,704,706,998.67",4.30,0.1742,13.3%,USD
CMP-1500,TPC,TerraGreen Power Co, Oil & Gas ,2023-09-30,"45,025,366,449.15",NA,#VALUE!,2.7,11.02,7.2%,USD
CMP-1297, IG ,InfoCore Global,Tech,2024,83868321038.72,12704325771.56,,43.07,15.15,115.00%,$
CMP-1691,BCG,BEACON CAPITAL GROUP,Banking & Finance,30-09-2022,USD 117.43B,"$39,221,737,071.77","$ 135,043,923,351.11",53.54,33.4%,115.00,$
CMP-1302,CT,CloudScale Technologies,IT,FY2021,"14,360,897,104.68",3634186823.49,"2,839,687,620.64",3.25,0.2531,19.77,USD
CMP-1198,VTC,  Vanguardian Trust Co  ,Financials,FY2021,#VALUE!,US$ 12.82B,"USD 9,348,591,333.79",$ 3.78,21.22%,15.47%,EUR
CMP-1819, BCG ,Beacon Capital Group,Financial Services,06/30/2023,"USD 7,768,570,011.21",2233290070.39,1947686731.48,4.52,28.7%,25.07%,USD
CMP-1285,grb,GLOBAL RESERVE BANK, Financial Services ,Q2 2021,49297280555.91,"21,987,262,271.19","USD 18,797,483,695.64",9.665,44.60,None,usd
CMP-1733,SLB,Summit Leisure Brands,consumer cyclical,2023, 23575313220.31 , 824283152.75 ,"(USD 168,880,567.95)",($0.32),0.035,-0.0072,USD
CMP-1144,ALG,Aura Lifestyle Goods,Retail & Consumer,FY2023,34042186957.01,1443679754.95,(509441255.23),(0.25),4.2%,-1.50,USD
CMP-1049,NSC,  Nexus Software Corp  ,TECHNOLOGY,2021-06-30,N/A,"18,158,694,173.96", 17015445825.87 ,6.7,0.3217,30.14%,usd
CMP1074,ALG,  Aura Lifestyle Goods  ,Retail & Consumer,Q3 2022, 24199530996.74 ,815302897.98,"$ 121,630,214.54",0.11,null,0.50%,$
CMP-1149,EES,Echo Energy Systems,ENERGY,FY2022,"84,654,828,029.92",1880420569.33,-2325199345.04,(USD 1.25),0.0222,-2.75,$
CMP-1084,OMG,OMNICARE MEDICAL GROUP,HEALTHCARE,31-12-2024,"USD 29,829,777,650.71",7752632794.09,"6,580,169,449.28",#DIV/0!,25.99%,22.1%,USD
CMP-1453,BL,BioGenix Laboratories,HEALTHCARE,31-03-2024,33661107144.19,$ 1.55B,"$ 138,264,936.81",0.09,4.61%,0.0041,USD
CMP-1822,TB,TrendSet Brands,Consumer Discretionary,2022-06-30,12692181159.37,"(301,996,107.30)",-619.92M,-1.1,-2.38%,(4.9%),USD
CMP-1843,CS,CyberNova Systems,technology,2023-09-30,"24,392,287,116.03",US$ 3.27B,"USD 1,654,724,679.55",,13.42,None,USD
CMP-1617,VRI,  Vortex Resources Inc  ,energy,2022,35342827646.72,"$5,055,449,691.68","$3,695,080,830.35",1.81,14.30%,10.5%,USD
CMP-1001,SWP,Sterling Wealth Partners,Financial Services,FY2023,103981284649.26,"USD 32,430,745,585.94",27225884335.80,12.27,0.3119,N/A,$
CMP-1941,PE,Pioneer Equipment,Industrials,2024/12/31,"USD 39,671,977,096.17",397894272.49,-1730690049.49,($2.27),1.00%,-0.0436,USD
CMP-1399,MLR,Metro Living Retail,Retail & Consumer,30-09-2022,3468094528.38,"10,577,975.24",-194171664.56,(2.00),0.3%,(5.6%),$
CMP-1516,PE,Pioneer Equipment,industrials,2023/12/31,"34,913,007,100.33",6012243012.75,4822545290.79,7.5,17.22%,13.8%,USD
CMP-1668,TO&G,titan oil & gas ltd,ENERGY,30-09-2022,90318391619.37,"($12,395,709,160.99)",-16821711520.57,-7.12,-13.72%,-18.62,USD
CMP-1492,BI,ByteWave Interactive,Technology,2024,15.78B,"$ 4,036,237,073.02",3600586003.84,7.943,25.58,22.82%,USD
CMP-1750,BCG,Beacon Capital Group,Financial Services,2024-06-30,29211959951.69,USD 5.90B,USD 4.99B,6.56,20.20,17.09,USD
CMP-1709,VRI,VORTEX RESOURCES INC,ENERGY,2022,33246533871.53,983932956.82,-341959391.18,-0.28,0.0296,-1.03,usd
CMP-1131,AF,Apex Financial,Financial Services,FY2022,74763778017.28,$ 4.70B,"(15,309,248.02)",-$ 0.01,0.0629,-0.02,USD
CMP-1326, SD ,,Health Care,2024/03/31,43174189933.21, 14865801219.49 ,"12,263,109,610.47",11.74,34.43,28.40%,USD
CMP-1143, NAI ,NextGen Apparel Inc,Cons. Cyclical,2021-12-31,#VALUE!,"USD 495,939,287.85",49324429.63,N/A,0.0428,0.43,usd
CMP-1299,SI,SteelCore Industries,Manufacturing ,FY2021,US$ 24.91B,$5.85B,US$ 5.24B,6.47,23.47,0.2103,-
CMP-1513,VM,,Consumer Cyclical,FY2021,,183408904.02,$ 46.21M,1.08,#DIV/0!,#VALUE!,EUR
CMP-1778,PHG,pulse health group,Health Care,09/30/2021, 38847322464.89 ,10700899549.88,-,9.84,0.2755,22.65,USD
CMP-1123,SAI,SYNAPSE AI INC,Information Technology,2021-06-30,51583917733.16,"1,449,775,462.99",-171617475.14,-0.1505,2.81,(0.3%),USD
CMP-1118, AB ,Aegis BioLabs,HEALTHCARE,06/30/2022,24520001777.72,4837217774.52,$ 3.88B,USD 9.28,N/A,0.1582,USD
CMP-1773,PFH,Pinnacle Financial Holdings,Financials,2023,92805305922.85,45568663481.81,41.17B,USD 7.98,0.491,0.4436,USD
CMP1764,GT,GenePure Therapeutics,Bio/Pharma,09/30/2023,"$ 55,584,913,349.93",#VALUE!,6214118449.35,N/A,None,0.1118,USD
CMP-1466,SAI,Synapse AI Inc,Information Technology,FY2024,$ 81.32B,8362411070.59,5731835690.36,3.932,10.28%,7.05,USD
CMP-1480,CFC,Continental Freight Corp,Ind.,2024-06-30, 38730605193.11 ,$2.51B,208341428.73,N/A,0.0647,0.54%,USD
CMP-1486,TPC,TerraGreen Power Co,Energy,09/30/2022,"78,188,748,676.72",USD 29.38B,"24,041,577,200.90",7.4317,0.3757,30.7%,USD
CMP-1812,DS,DataSphere Solutions,technology,2024/03/31,41598854431.19,NA,1621843968.02,N/A,8.8%,3.90%,usd
CMP-1553, PEC ,PetroDyn Energy Corp,energy,Q2 2024,"USD 75,946,942,178.98","(USD 4,330,918,208.22)","(8,972,880,274.78)",($ 6.33),-5.70%,-0.1181,USD
CMP-1170,CFC,Continental Freight Corp,industrials,2021-03-31,17300803579.83,"$ 1,575,856,975.77",$ 523.45M,1.05,9.11%,3.03%,USD
CMP-1732,PE,Pioneer Equipment,Industrials,09/30/2023,"USD 37,820,090,840.90","9,829,321,277.21",8603224928.09,10.63,0.2599,22.75%,USD
CMP-1568,BI,ByteWave Interactive,Tech,2021-12-31,NA,12551333123.82,"10,275,865,794.90",4.2295,19.37%,15.86,USD
CMP-1229,VHS,Vitas Health Systems,HealthCare ,FY2024,28308990822.16,2729655838.45, 1814706377.13 ,3.32,0.0964,6.41,USD
CMP-1783,PEC,PetroDyn Energy Corp,energy,2022-12-31,USD 62.82B,3374852900.61,(382766845.69),-0.2,5.37,-0.0061,USD
CMP-1467,FGHI,Foundry Global Heavy Industries,Industrial,30-09-2024,USD 12.07B,573581935.10,USD 168.12M,NA,0.0475,1.4%,USD
CMP-1654,nsc,Nexus Software Corp,TECHNOLOGY,2024-09-30,USD 64.41B,"$ 13,513,601,956.97",9912141040.48,4.0,0.2098,,EUR
CMP-1008,AQC,APEX QUANTUM CORP, Tech ,2022-03-31,25996478314.36, 6627128321.47 ,5535078017.25,4.36,0.2549,21.29%,usd
CMP-1739,IG,InfoCore Global,TECHNOLOGY,2022-12-31,TBD,"5,556,577,790.60",$ 4.07B,$ 1.96,9.53%,7.0%,USD
CMP-1840, MAG ,meridian asset group,Financials,2023/09/30,"58,908,048,107.41",9229307535.19, 6423333800.17 ,3.46,15.67%,null,usd
CMP-1483, SI ,STEELCORE INDUSTRIES,INDUSTRIALS,12/31/2024,$41.80B,$ 4.88B,3.54B,2.99,null,8.5%,$
CMP-1577,SI,SteelCore Industries,Manufacturing ,30-09-2023,42115097019.15,USD 5.46B,"2,628,251,276.29",1.35,12.96%,6.24%,EUR
CMP-1548,CE,Crestline Exploration,Energy,31-12-2022,#VALUE!,"$10,371,994,992.41","$ 8,503,913,698.59",1.92,N/A,12.3%,USD
CMP-1007,HB,Horizon Bancorp,Banking & Finance,03/31/2021,"USD 113,881,598,809.22", 26016983938.34 ,US$ 18.24B,8.23,22.85%,16.0%,USD
CMP-1195,DS,DataSphere Solutions,Information Technology,Q2 2023,35695824390.46,"$7,214,682,963.90",4867957544.65,4.27,20.21,#DIV/0!,USD
CMP-1478,SLB,Summit Leisure Brands,Retail & Consumer,FY2024,"USD 9,201,022,254.96",488548397.95,115094757.25,0.5541,150.0%,0.0125,USD
CMP-1557,AQC,  Apex Quantum Corp  , Tech ,06/30/2023,"29,497,702,543.61","USD 2,190,643,525.80","$ 1,372,879,091.00",USD 0.75,0.0743,4.65,USD
CMP-1823,ALG,aura lifestyle goods,Consumer Discretionary,2021/06/30,8185428439.01,US$ 541.43M,($ 20.53M),-0.12,0.0661,-0.0025,EUR
CMP-1874,BL,BioGenix Laboratories,Healthcare,06/30/2022,-,12138775214.41,10033794526.93,error,28.20%,23.31%,USD
CMP-1244, SD ,SteriMed Diagnostics,HEALTHCARE,2023-03-31,56865632590.66,15020711926.51, 11612233574.44 ,12.23,26.41,20.4%,USD
CMP-1616,NGC,Nordic Gas Corp, Oil & Gas ,2024-09-30,90917582563.27,-33626188190.00,(US$ 37.53B),(10.07),(37.0%),-41.27,USD
CMP-1436, SI ,STEELCORE INDUSTRIES,industrials,2021-12-31,"USD 35,206,537,963.41",9541982426.30, 7942970922.33 ,6.41,0.0%,22.56%,USD
CMP-1307,VL,Vanguard Logistics,INDUSTRIALS,Q2 2024,35148506301.65,7107361036.91,6260932313.99,3.16,20.22,N/A,usd
CMP-1847,PC,primeconsumer corp,consumer cyclical,FY2021,"48,086,540,354.45",1025674748.61,(536341867.04),-0.2994,2.13%,(1.1%),USD
CMP-1530,CH,Crestview Holdings,Financials,12/31/2024,114078566994.57,48815119734.27, 43645843065.12 ,16.7,42.8%,38.26%,USD
CMP-1128, OAM ,Orbital Aerospace Mfg,Manufacturing ,12/31/2024,"USD 33,831,339,296.59", 2694479328.75 ,"USD 1,993,249,266.86",1.81,null,5.89,$
CMP-1327,NSC,Nexus Software Corp,Tech,2022/09/30,"$73,822,818,151.55",15447962628.13, 13211717354.26 ,#DIV/0!,20.9%,#VALUE!,USD
CMP-1168,SLB,Summit Leisure Brands,Retail & Consumer,03/31/2022,7773503476.78,"$ 344,591,921.97","125,512,850.39",0.362,4.43%,0.0161,usd
CMP-1062,SEG,  Solaris Energy Group  ,Energy & Power,2023/03/31,NA,19363709649.77,"$16,020,220,474.35",12.67,33.03,27.33,USD
CMP-1727,ah,Apex Hydrocarbons,Enrgy,Q1 2022, 8168597371.67 ,701318225.83,"149,329,052.68",$0.96,#VALUE!,1.8%,USD
CMP-1756,CT,,technology,12/31/2023,"$ 45,332,970,035.40",11343234352.17,10170914894.25,6.7699,25.02,-,USD
CMP-1854,HCP,,Energy,2022-03-31,US$ 73.21B,25690356410.10,23601195108.77,USD 5.28,35.09%,#DIV/0!,usd
CMP-1379,OMG,OmniCare Medical Group,HealthCare ,03/31/2021,"$ 3,984,440,881.64","USD 1,838,607,709.79",US$ 1.65B,$ 24.01,46.1%,0.4133,
CMP-1653,MLR,Metro Living Retail,Consumer Discretionary,2023-03-31, 52811444681.86 ,2383445840.67,-49734896.18,(0.06),4.51%,(0.1%),USD
CMP-1071,NAI,NextGen Apparel Inc,Consumer Cyclical,2024/09/30,4785575828.16,"419,757,499.77","$ 311,679,643.43",2.53,0.0877,0.0651,USD
CMP-1324,CP,Curative Pharmaceuticals,Health Care,2024/09/30,US$ 28.05B,7120688684.02,$5.57B,4.47,25.38%,19.85%,USD
CMP-1925,SEG,Solaris Energy Group, Oil & Gas ,12/31/2024,$ 40.15B,-,"1,050,450,148.25",error,4.9%,,usd
CMP-1227,NSC,Nexus Software Corporation,Information Technology,FY2022,,1914781599.36,"$50,091,565.52",0.05,0.0377,0.10,USD
CMP-1662,VHS,Vitas Health Systems,HealthCare ,FY2021,49.48B,-3219386944.79,-6075305954.75,-6.916,-6.51,-0.1228,$
CMP-1830,BL,BioGenix Laboratories,Bio/Pharma,2021-06-30,"USD 9,433,594,787.98", -737901704.51 ,($ 1.16B),($2.29),(7.8%),#DIV/0!,USD
CMP-1573,AQC,Apex Quantum Corp,IT,03/31/2021,17231332348.73,NA,None,4.83,32.79%,28.82,USD
CMP-1606,psc,Precision Systems,industrials,FY2024,"35,965,133,809.96","USD 2,379,694,138.14",$1.16B,1.51,6.6%,3.24%,$
CMP-1440,AB,Aegis BioLabs,HealthCare ,31-03-2022,USD 6.52B,2321139844.03,2124265234.36,USD 13.03,0.3561,32.59%,USD
CMP-1393,AHM,Atlas Heavy Machinery,Manufacturing ,03/31/2024,46832216417.17,3994267100.18, 1556715619.65 ,$ 1.73,8.53%,0.0332,USD
CMP-1772,CP,CURATIVE PHARMACEUTICALS,Bio/Pharma,2024-03-31,"USD 14,210,967,580.77","$ 1,656,534,620.99",1368539787.86,4.931,11.66,9.63,USD
CMP-1490, PC ,PrimeConsumer Corp,Cons. Cyclical,FY2023,43650048139.06,"$ 5,675,747,680.71", 2825086883.35 ,145.8,13.0%,0.0647,USD
CMP-1183,TMW,Titan Machine Works,Industrial,2021/09/30,"$ 19,312,765,834.64",$1.43B,"598,612,764.92",1.7862,0.0741,3.10%,$
CMP-1338,CP,CURATIVE PHARMACEUTICALS,HEALTHCARE,2021/12/31,"$ 56,489,311,592.36",4415920177.07,USD 656.70M,0.54,0.0782,1.16,USD
CMP-1845,VRB,velox retail brands,Cons. Cyclical,FY2024,4877245284.82,98700875.45,-134622859.32,-1.46,2.02%,-0.0276,EUR
CMP-1161,VTC,vanguardian trust co,Banking & Finance,2022-06-30,"$ 29,316,444,970.09","5,270,959,828.55",$ 4.52B,6.5,17.98%,15.41,USD
CMP-1727,ah,Apex Hydrocarbons,Enrgy,Q1 2022, 8168597371.67 ,701318225.83,"149,329,052.68",$0.96,#VALUE!,1.8%,USD
CMP-1349,MAG,meridian asset group,Financials,FY2021,USD 55.78B,11713203435.53,"9,538,371,652.48",$9.21,21.00%,17.10,USD
CMP1527,tpc,TerraGreen Power,Energy & Power,2022,42399411358.83,"3,249,391,100.64","$ 1,114,390,834.48",1.141,7.66%,2.63%,USD
CMP-1807,CP,Curative Pharmaceuticals,HEALTHCARE,FY2022,44932187757.68,USD 5.59B,3122061376.90,USD 3.07,12.43,6.95%,-
CMP-1155,VRI,Vortex Resources Inc,Energy,2022-06-30,$27.44B,"749,736,521.61","(36,974,866.13)",-USD 0.07,2.73%,-0.0013,USD
CMP-1006, DS ,  DataSphere Solutions  ,Tech,30-06-2022,"50,416,376,167.94",11831024446.0, 57978832593.14 ,USD 20.62,23.47%,1.15,usd
CMP-1207,UOG,Urban Outfitters Group,Cons. Cyclical,03/31/2022,13176234679.47,951051280.39,null,1.22,7.22,4.7%,USD
CMP-1892, BL ,biogenix laboratories,Healthcare,2023-09-30,14785783962.26,"-1,133,025,465.40",-,-$ 3.91,-7.66,null,$
CMP-1834,BI,ByteWave Interactive,technology,31-03-2024, 26782335896.90 ,US$ 9.83B,USD 7.96B,16.3649,36.7%,29.74,USD
CMP-1004,AQC,Apex Quantum Corp,,03/31/2023,"$52,065,718,117.19",8780074899.55,"$ 6,785,015,914.12",$4.63,0.1686,0.1303,USD
CMP-1213,MAG,Meridian Asset Group,FINANCE,30-06-2021,"$ 52,504,345,537.50",7282224902.43,"USD 5,459,101,392.28",USD 6.00,0.1387,10.4%,USD
CMP-1619,GRB,Global Reserve Bank, Financial Services ,FY2023,-,#VALUE!, 16142737863.63 ,11.16,24.80,20.44,USD
CMP-1496,AH,Apex Hydrocarbons,ENERGY,30-09-2024, 83842173159.79 , -6206167926.35 ,-7935863483.20,-$ 3.80,-7.40,-9.47%,usd
CMP-1561,PFH,Pinnacle Financial Holdings, Financial Services ,2023-06-30,3596145368.38,"$ 840,744,257.42",$ 677.94M,USD 11.01,0.2338,0.1885,$
CMP-1438,HB,Horizon Bancorp,Financial Services,30-06-2022,"USD 76,464,075,071.32", 16650983717.52 ,13357073947.40,2.69,21.78%,0.1747,USD
CMP-1435,CT,CloudScale Technologies,,FY2021, 18266439431.46 ,"$3,830,341,013.70", 3003005846.21 ,8.69,20.97,16.44,USD
CMP-1274,VTC,Vanguardian Trust Co,Fin Services,31-12-2024,91395039929.49,30507868640.22,"27,117,696,828.34",$ 12.90,0.3338,29.67,USD
CMP-1833, PC ,PrimeConsumer Corp,Retail & Consumer,31-03-2021,$36.73B,($2.18B),-4340373521.20,(6.36),(5.9%),-0.1182,USD
CMP-1922,CH,Crestview,Fin Services,09/30/2024, 90946772499.58 , 17821284401.85 ,$ 15.93B,7.84,0.196,17.51%,USD
CMP-1338,CP,CURATIVE PHARMACEUTICALS,HEALTHCARE,2021/12/31,"$ 56,489,311,592.36",4415920177.07,USD 656.70M,0.54,0.0782,1.16,USD
CMP-1697, MS ,MICROLOGIC SYSTEMS,Information Technology,2023-12-31,"68,030,295,427.65","15,292,691,182.18",US$ 12.05B,$5.82,0.2248,17.7%,USD
CMP-1921,MAG,Meridian Asset Group,,2024-09-30,$ 19.48B,3450556571.93,"2,894,492,936.13",5.02,17.71%,0.1486,USD
CMP-1044,SD,STERIMED DIAGNOSTICS,Healthcare,03/31/2023,16825570471.27,5334003614.08,"4,530,413,685.59",$ 10.46,31.70,26.93,-
CMP-1612,PC,PrimeConsumer Corp,consumer cyclical,2022/09/30,"$27,210,390,821.09",$4.74B,3236236857.75,USD 1.81,0.1741,None,USD
CMP-1343,,AlphaBio Sciences,HealthCare ,2022-06-30,"26,316,789,681.59","USD 9,990,617,809.83",9033958869.61,15.46,0.3796,150.0%,USD
CMP-1493, SLB ,Summit Leisure Brands,Consumer Discretionary,2024-12-31,"USD 33,879,861,576.33",4257149768.36,$3.44B,5.552,12.57%,0.1015,USD
CMP-1717,AS,AlphaBio Sciences,HEALTHCARE,30-09-2022, 44232863603.22 ,8593868242.93,6806525067.28,$2.41,19.43%,0.1539,USD
CMP-1795,TPC,  TerraGreen Power Co  ,Energy & Power,FY2024,4.31B,"$848,960,296.02","$ 674,020,633.94",3.26,19.68,0.1563,USD
CMP-1479,AHM,atlas heavy machinery,Ind.,06/30/2021,US$ 26.24B,"6,577,201,230.85",5970808060.76,8.66,25.07%,22.76%,USD
CMP-1096,FGHI,Foundry Global Heavy Industries,industrials,Q4 2021,"14,158,931,748.90",2751711991.23,1.94B,6.9,0.1943,#DIV/0!,USD
CMP-1145,MLR,Metro Living Retail,Consumer Discretionary,2024/03/31,$ 13.96B,"(719,265,696.01)","(1,496,316,251.58)",-5.93,(5.2%),-10.72,usd
CMP-1675,NAI,NEXTGEN APPAREL INC,Consumer Cyclical,31-12-2023,36040322708.94,US$ 4.95B,3960251414.01,None,-,0.1099,None
CMP-1409,AQC,Apex Quantum Corporation,Information Technology,2024-03-31,71793698470.46,15.53B,"USD 13,740,107,128.66",USD 7.08,21.6%,19.14,USD
CMP-1397,VHS,Vitas Health Systems,HEALTHCARE,30-09-2022,,5225339048.18,3842716617.10,$2.30,15.86,999%,-
CMP-1940,SAI,SYNAPSE AI INC,Tech,31-03-2023,"$ 25,374,819,283.27",-,3341266298.50,5.96,0.1637,0.1317,USD
CMP-1289,NAI,nextgen apparel inc,Retail & Consumer,2022-09-30,"$ 34,479,495,657.56",4253128706.25,"$3,337,275,933.59",1.594,12.34%,9.68%,-
CMP-1167,NSC,nexus software corp,IT,2024-09-30,TBD,"$14,543,682,850.49",11472431696.23,9.6248,23.07%,18.20%,usd
CMP-1521,PEC,PetroDyn Energy,Energy & Power,2024-12-31,18013701965.46,5437335574.28,"$5,005,935,187.36",USD 7.16,#DIV/0!,-,USD
CMP-1779,UOG,URBAN OUTFITTERS GROUP,Consumer Cyclical,30-06-2021,8690571708.6,"857,198,673.13",$477.45M,2.6,9.86,5.49,USD
CMP-1788,VTC,Vanguardian Trust Co,Banking & Finance,2023-03-31,10879678154.05,"$ 2,013,366,772.49",$1.56B,2.35,18.51,14.34,USD
CMP-1607,PC,PrimeConsumer Corp,Consumer Cyclical,2023/09/30,"USD 3,541,660,227.04",286600845.76,67135053.45,0.29,8.09,N/A,USD
CMP-1671,VRI,Vortex Resources Inc,Unknown,03/31/2021, 19842270305.91 ,1329951950.78,"346,638,181.50",0.41,,,USD
CMP-1592,VM,Velocity Motors,Consumer Discretionary,09/30/2021,"4,362,948,473.47",($ 80.35M),(182.01M),-1.28,-0.0184,(4.2%),USD
CMP-1253, CFC ,Continental Freight Corporation,Industrial,2022-12-31,$ 11.21B,"$712,295,165.83",-40469878.17,-$ 0.16,6.35%,-0.36,usd
CMP-1245,AH,Apex Hydrocarbons,ENERGY,31-12-2021,33642266560.19,$ 4.99B, 38688606544.21 ,38.05,14.85,115.00%,USD
CMP-1373, PFH ,pinnacle financial holdings,Financial Services,30-09-2022,12.76B,4982318239.83,4264881855.13,13.71,39.04,33.42,$
CMP-1252,GRB,Global Reserve Bank,FINANCE,03/31/2021,null,"25,693,943,929.88","USD 24,268,295,307.18",28.765,51.10%,48.26,$
CMP-1378,BCC,BlueStone Credit Corp,,2023/03/31,119298481538.17,"41,694,794,254.18", 34950549803.08 ,10.5,0.3495,29.30%,USD
CMP-1558,NI,NovaTherapeutics Inc,Healthcare,2022-09-30,42006789317.72, -3193647941.21 ,(4.18B),(3.33),(7.6%),(10.0%),USD
CMP-1153,AHM,Atlas Heavy Machinery,Industrial,Q4 2024, 47354350112.21 ,"USD 867,747,142.10",N/A,#DIV/0!,1.83%,-3.20,USD
CMP-1722,CH,Crestview Holdings, Financial Services ,2024/09/30,86896703796.65,24468439410.90,"99,931,209,366.14",50.25,28.16,115.00%,usd
CMP-1450,NI,NovaTherapeutics Inc,HEALTHCARE,2024-09-30,"$37,732,547,479.83","$16,897,030,785.60",15003823484.34,-,44.78%,39.76,USD
CMP-1335,OAM,Orbital Aerospace Mfg,Industrials,Q3 2021,4615966272.00,"715,930,696.53", 468375936.48 ,$3.55,15.51%,0.1015,USD
CMP-1958,TMW,  Titan Machine Works  ,Manufacturing ,31-03-2023,16.01B, 1406522530.37 ,1020887276.14,1.70,8.78,0.0637,USD
CMP-1356,AB,Aegis BioLabs,Bio/Pharma,30-06-2023,31622794606.38,"338,628,945.52",-779695318.88,145.8,1.07%,-2.47,USD
CMP-1602, OG ,OmniSoft Group,Technology,03/31/2023,"$6,240,177,158.32",545126911.94,"USD 197,563,823.30",$1.65,0.0874,0.0317,USD
CMP-1068,OAM,Orbital Aerospace Mfg,Industrial,09/30/2023,"22,412,833,108.18","(340,557,515.75)","-USD 1,450,926,541.11",-1.0599,-1.52%,-6.47%,usd
CMP-1552, PFH ,PINNACLE FINANCIAL HOLDINGS,Fin Services,2024-09-30,80854104700.61,"$ 15,007,728,940.36", 10201012409.98 ,4.4270,18.56,0.1262,USD
CMP-1659,,Crestline Exploration, Oil & Gas ,2024/03/31,9515231706.10,-524807375.03,-919071962.28,-USD 1.58,null,(9.7%),usd
CMP-1365,OAM,orbital aerospace mfg,industrials,31-12-2021,"11,461,362,363.70","1,019,335,959.83",342814424.34,USD 0.82,8.89,2.99%,USD
CMP-1261,PFH,Pinnacle Financial Holdings,Fin Services,2022/03/31,"$49,191,849,604.56",USD 19.10B,USD 17.20B,9.33,38.84%,0.3497,USD
CMP-1194, OG ,OmniSoft,Information Technology,31-12-2021,"19,207,719,226.46",1.63B,"$1,078,136,382.14",2.1,8.49%,-120.5%,USD
CMP-1383,TO&G,Titan Oil & Gas Ltd,N/A,Q1 2021, 88101591468.85 ,"(9,980,670,258.74)",-$ 14.12B,-8.48,(11.3%),,USD
CMP-1212,OAM,orbital aerospace mfg,industrials,FY2021,USD 28.38B,"USD 4,624,909,304.71",3476219733.14,4.88,-,12.25%,usd
CMP-1549,FGHI,Foundry Global Heavy Industries,,2021-09-30,TBD,1176224021.79,"$469,819,385.53",0.85,-,0.0231,$
CMP-1340, SI ,SteelCore Industries,Ind.,03/31/2022,18978227742.72,1062515389.21, 58713933.84 ,0.19,5.60,0.31%,USD
CMP-1028,VL,Vanguard Logistics,Manufacturing ,2023-06-30,"USD 38,780,234,629.26",3426226041.27,"2,437,229,375.96",1.59,0.0883,0.0628,
CMP-1885,NSC,Nexus Software Corp,Tech,FY2024,"$ 27,878,530,792.03",,8.27B,USD 15.48,0.3172,29.66,$
CMP-1328,PFH,Pinnacle Financial Holdings,Banking & Finance,2022/12/31,32589028498.58,$ 9.28B,37477382773.37,$ 19.29,28.48%,115.00,USD
CMP-1736, SD ,SteriMed Diagnostics,Bio/Pharma,FY2023,null,"$ 11,470,791,829.57","9,030,928,185.66",6.67,19.03,0.1498,USD
CMP-1042,BL,BioGenix Laboratories,HEALTHCARE,FY2022,US$ 44.94B,US$ 11.20B,TBD,USD 6.75,24.93,-,USD
CMP-1890,PHG,Pulse Health Group,Bio/Pharma,2024-03-31,53232615698.10,"$ 7,422,972,092.36","$5,433,353,054.46",None,N/A,10.21%,USD
CMP-1487,,nexus software corp,technology,30-09-2021,"44,554,519,206.87","6,764,397,223.89","$ 5,233,642,156.33",5.95,15.18%,0.1175,USD
CMP-1067,TB,trendset brands,Consumer Discretionary,2024-12-31,5259608497.26,"USD 476,367,240.26","$219,098,713.15",0.69,0.0906,4.17%,USD
CMP-1423,TMW,Titan Machine Works,Ind.,Q3 2024,"USD 5,931,981,701.47",1196961923.66,"USD 895,910,006.00",$ 7.53,0.2018,15.1%,USD
CMP-1163,CT,CloudScale Technologies,technology,2022/12/31,TBD,"$1,146,488,366.48",$ 979.01M,4.53,0.2521,21.53,USD
CMP-1203,NGC,nordic gas corp,Energy,2021-09-30,"$ 89,907,911,171.63",15883700135.09, 12407368869.28 ,3.75,-,13.80,USD
CMP-1679,EES,ECHO ENERGY SYSTEMS,Other,06/30/2024,"639,276,187.16",($28.24M), -64338310.03 ,(5.89),-4.42,-10.06,USD
CMP-1206,UOG,Urban Outfitters Group,Consumer Discretionary,2023-09-30,"USD 12,786,006,332.69", 1098634354.91 ,"728,770,569.27",2.5292,8.59,5.70,EUR
CMP-1533,,Luxe Motors International,Cons. Cyclical,2022-03-31,15509508531.83,(683523948.79),"(USD 1,154,231,777.49)",-2.85,-0.0441,-7.44,usd
CMP-1729,AQC,Apex Quantum Corp, Tech ,2023-12-31,"62,762,290,826.09","$ 15,365,023,045.84",,3.59,N/A,19.87%,USD
CMP-1753,AH,APEX HYDROCARBONS,Enrgy,FY2023,US$ 53.13B,758201074.71,"(1,408,702,069.37)",-$ 0.91,1.43,-0.0265,usd
CMP1593,tmw,Titan Machine Works,industrials,12/31/2023,US$ 5.43B,-23255085.59,-351568172.87,-3.73,-0.0043,,USD
CMP-1364,AH,Apex Hydrocarbons,ENERGY,FY2022,"USD 58,237,703,446.42",20202400231.11,16416882174.42,9999.0,34.69,28.19,USD
CMP-1449,OMG,OmniCare Medical Group,HEALTHCARE,2024,US$ 31.30B,"$ 1,825,704,598.14",194217076.03,0.11,0.0583,0.62%,USD
CMP-1394,AB,  Aegis BioLabs  ,Health Care,03/31/2021,"8,683,501,754.40",US$ 4.73B,4.22B,$ 11.12,0.5444,None,USD
CMP-1851,PE,Pioneer Equipment,Industrial,30-09-2021,"10,057,060,025.53",USD 1.09B,US$ 766.14M,4.26,10.81,7.62%,USD
CMP-1846, NAI ,NextGen Apparel Inc,Cons. Cyclical,30-06-2021,"USD 43,796,358,654.18",4870152653.74,"3,511,361,290.35",,11.12%,8.02%,USD
CMP-1481,ni,NovaTherapeutics Inc,Healthcare,31-03-2022,"$ 16,869,664,600.93","2,371,519,068.67","$ 1,895,198,729.65",$ 3.35,0.1406,11.23,USD
CMP-1584,VM,,Consumer Cyclical,2024-06-30, 46598590095.97 ,"$3,349,727,555.61",1228484037.36,1.14,150.0%,0.0264,USD
CMP-1582, CT ,CloudScale Technologies,TECHNOLOGY,30-09-2022,"$70,364,980,540.72","18,981,926,187.49","14,211,014,643.86",4.9,26.98%,20.2%,usd
CMP-1087,AQC,Apex Quantum,Technology,2022/06/30,2124623747.18,$520.35M,391330978.96,5.1,0.0%,18.42%,USD
CMP-1115,HB,HORIZON BANCORP,Financials,03/31/2022,"$ 19,765,247,639.58",$6.25B, 4955173014.31 ,#DIV/0!,31.62,25.07%,USD
CMP1432,PHG,Pulse Health Group,HEALTHCARE,FY2024, 49097322014.21 ,"USD 16,899,152,420.02", 14128858911.69 ,14.37,34.4%,28.78,USD
CMP-1529,,Sterling Wealth Partners,Banking & Finance,06/30/2024,46326005919.08,"16,598,006,811.15","$ 14,541,903,317.39",13.92,35.83,-,USD
CMP-1818,ALG,Aura Lifestyle Goods,Consumer Cyclical,2023,"$49,365,386,031.92",4804201645.99,"$ 2,669,125,208.29",2.9,9.7%,5.4%,USD
CMP-1434,cp,Curative Pharmaceuticals,health care,12/31/2021,64004759489.93,"8,634,275,337.30",$ 5.03B,4.07,13.5%,7.86%,USD
CMP-1398, AS ,AlphaBio Sciences,HealthCare ,30-06-2024,41682444349.69,"9,854,481,540.02",7665734110.53,-,23.64,0.1839,USD
CMP-1950,MAG,Meridian Asset Group,Banking & Finance,30-06-2021,$35.50B,"12,295,196,222.47",#VALUE!,16.9,34.63%,31.37%,USD
CMP-1528,VL,vanguard logistics,INDUSTRIALS,2022-09-30,US$ 28.45B,"$ 1,109,302,746.95","(188,555,716.96)",-0.13,3.9%,,usd
CMP-1374,TO&G,Titan Oil & Gas Ltd, Oil & Gas ,31-03-2024,26408182989.9,, -2532282943.35 ,-1.74,null,(9.6%),USD
CMP-1109,TB,trendset brands,Consumer Cyclical,03/31/2021,30506600213.63, 4240730378.04 ,USD 2.15B,2.7,13.90,null,USD
CMP-1095,MAG,Meridian Asset Group,FINANCE,2022/09/30,"$68,940,515,208.36",$ 15.08B,"USD 11,519,868,476.31",5.88,21.87%,16.71%,USD
CMP-1446,VL,Vanguard Logistics,Ind.,2022/09/30, 21599477010.10 ,3266575010.63, 2194113097.32 ,3.313,15.12,10.2%,USD
CMP-1488,AS,ALPHABIO SCIENCES,health care,31-03-2024,37577361313.00,$ 12.78B,11284661745.16,16.87,34.0%,30.03%,None
CMP-1718,GRB,global reserve bank,Financials,2022,None,USD 17.33B,12572318837.71,$5.91,24.7%,17.9%,USD
CMP-1495,SI,SteelCore Industries,Industrial,2021/06/30, 32100009542.72 , 3544057378.63 ,1883409491.37,$ 1.32,11.04,5.87%,USD
CMP-1209,TO&G,Titan Oil & Gas Ltd,Energy,Q1 2022, 19871015916.80 ,3685993796.75,2997316317.72,,0.1855,0.0%,USD
CMP-1720,PSC,Precision Systems Corp,Ind.,Q4 2022,$ 46.90B,"2,321,159,223.32",(371749996.21),None,4.95%,-0.0079,USD
CMP-1661,TMW,titan machine works,,FY2023,44147145460.53, 5903778248.15 ,"2,828,366,656.67",1.09,0.1337,150.0%,USD
CMP-1572,NSC,Nexus Software,Technology,2024-06-30,41632981027.59,10617384850.07,"$ 8,599,481,385.74",8.87,25.50,20.66%,USD
CMP-1710, AD ,Aeroflux Dynamics,Ind.,Q4 2022,9.95B,"($ 122,617,598.21)",-USD 464.68M,#DIV/0!,-1.23,-0.0467,USD
CMP-1539, TO&G ,Titan Oil & Gas Ltd,Energy & Power,Q1 2021,"$39,341,491,612.59","$884,340,904.53",-1687827459.95,($ 2.02),2.25,-4.29,EUR
CMP-1620,SAI,Synapse AI Inc,IT,2022-03-31,, 6210547445.56 , 5568937265.31 ,6.3811,33.65%,30.17,USD
CMP-1918,,micrologic systems,Technology,2023-06-30,66612833853.82,15241825219.36, 11712990423.22 ,8.0818,22.9%,17.6%,USD
CMP-1414,VL,Vanguard Logistics,INDUSTRIALS,2024-03-31,22215541006.23,$4.64B,"3,198,679,641.87",6.2849,0.2087,#VALUE!,USD
CMP-1105,MS,MicroLogic Systems,Information Technology,2021-06-30,"USD 41,949,240,099.08",$ 17.13B,16269433513.27,None,#VALUE!,38.78%,EUR
CMP-1672,HCP,  Helios Clean Power  , Oil & Gas ,Q4 2022,#VALUE!,,1608209301.35,$0.91,7.4%,5.05%,USD
CMP-1933,SLB,Summit Leisure Brands,Consumer Cyclical,2023-09-30,"11,690,814,246.44",507365220.76,-US$ 166.30M,(USD 0.25),4.3%,N/A,USD
CMP-1809,NSC,nexus software corp,Technology,31-03-2024,59981056501.66,"USD 5,839,942,007.34",$ 3.28B,$2.46,9.74%,5.5%,$
CMP-1473,MLR,Metro Living Retail,Retail & Consumer,2022/06/30,53463092596.77,$ 6.10B,"$ 3,400,090,557.43",1.95,11.40,6.36,USD
CMP-1909,LMI,Luxe Motors International,Consumer Cyclical,Q1 2024,12202485633.07,"(177,925,694.19)","(USD 962,656,423.98)",($4.50),-0.0146,-0.0789,USD
CMP-1158,AQC,Apex Quantum Corp,technology,2021-09-30,69478565220.05,"$ 9,248,971,623.03","$ 5,536,581,740.41",4.53,0.1331,7.97%,USD
CMP-1038,LMI,Luxe Motors International,Cons. Cyclical,2023/12/31,"20,291,293,986.29",TBD,USD 2.38B,2.2404,16.43%,0.1175,USD
CMP-1622, SI ,STEELCORE INDUSTRIES,INDUSTRIALS,2022-03-31,"USD 30,994,585,080.59","$6,767,977,064.31",5839355623.34,$ 10.37,21.84,18.84%,USD
CMP-1949,BCC,BlueStone Credit Corp, Financial Services ,FY2021,5.10B,1580098446.98,"1,250,872,473.63",14.614,N/A,0.245,USD
CMP-1501,VRI,Vortex Resources Inc,energy,2021, 78769554355.32 ,US$ 29.54B,26648857407.33,USD 7.72,37.51,0.3383,usd
CMP-1093,MLR,Metro Living Retail,Consumer Cyclical,2021/12/31,45472514889.32,"$4,351,600,689.63",2714477379.44,3.30,9.57%,5.97%,USD
CMP-1036,NI,  NovaTherapeutics Inc  ,Bio/Pharma,FY2024,"9,486,575,096.16",1938784199.79, 1634238922.33 ,7.794,20.44,17.23,USD
CMP-1268,PFH,Pinnacle Financial Holdings,FINANCE,2023-09-30,$ 74.35B,None,11.23B,8.19,21.51%,15.10%,CAD
CMP-1562,SWP,Sterling Wealth Partners,Banking & Finance,2024-03-31,46289543544.4, 7877806900.09 ,"6,897,968,135.21",7.31,17.0%,14.9%,USD
CMP-1461,VHS,VITAS HEALTH SYSTEMS,HEALTHCARE,2022-03-31,USD 27.97B,"4,958,207,743.00",3178083196.47,USD 6.01,17.72%,11.36,USD
CMP-1835,UOG,Urban Outfitters Group,consumer cyclical,09/30/2024,"$20,493,552,718.08","$1,807,722,140.21",1.20B,2.1640,8.82%,#DIV/0!,usd
CMP-1860,TMW,Titan Machine Works,Manufacturing ,Q2 2022,"8,426,990,891.00", 1647362922.83 ,USD 1.31B,7.60,null,15.59,USD
CMP-1498,AB,AEGIS BIOLABS,health care,2021-06-30, 5235075475.03 ,110672153.24,"($ 218,660,438.47)",-$2.17,2.11%,-0.0418,$
